utt_id,text,h,s,b,dimmer,tag
1,가끔 햇살이 비추니 마음이 따뜻하다 그래서 마음이 깊다,31,75,81,67,warm
2,좋은 음악을 들으니 기운이 난다 잊기 힘들다,75,96,95,91,energetic
3,가끔 전화벨 소리에 가슴이 철렁한다,206,61,64,40,anxious
4,겨울 아침 담요 속이 따뜻하다 그래서 마음이 깊다,39,81,70,62,warm
5,가끔 기다리는 동안 손이 떨린다 마음에 오래 남는다,213,60,64,43,anxious
6,오늘 가족과 함께 있으니 포근하다,22,94,71,58,warm
7,요즘 전화벨 소리에 가슴이 철렁한다 마음에 오래 남는다,185,78,59,48,anxious
8,오늘 문제를 풀다 보니 집중이 깊어진다 마음에 오래 남는다,201,84,77,74,focused
9,요즘 오늘 사무실에서 너무 많은 일을 했다 잊기 힘들다,47,40,45,49,tired
10,어제 가족의 배려가 감사하다 그래서 마음이 깊다,104,76,91,82,grateful
11,어제 응원의 말이 큰 힘이 된다 마음에 오래 남는다,93,62,86,85,grateful
12,요즘 따뜻한 국을 먹으니 몸이 풀린다 그래서 마음이 깊다,15,86,89,72,warm
13,요즘 앞일을 생각하니 마음이 조급하다 다시 생각난다,216,64,61,52,anxious
14,요즘 응원의 말이 큰 힘이 된다 그래서 마음이 깊다,89,78,82,93,grateful
15,가끔 마음속이 공허하다,223,56,31,31,lonely
16,요즘 버스가 그냥 지나가 화가 났다 그래서 마음이 깊다,354,100,70,68,angry
17,오늘 아침 공기를 마시며 달리니 상쾌하다 그래서 마음이 깊다,61,100,98,95,energetic
18,어제 오늘따라 연인이 더 사랑스럽다 마음에 오래 남는다,269,99,82,79,romantic
19,오늘 기다리는 동안 손이 떨린다,212,64,52,53,anxious
20,요즘 새벽까지 깨어 있어 머리가 무겁다 그래서 마음이 깊다,185,36,33,31,sleepy
21,가끔 새벽까지 깨어 있어 머리가 무겁다 마음에 오래 남는다,201,27,21,29,sleepy
22,가끔 눈이 따가워 집중하기 어렵다 다시 생각난다,17,59,39,38,uncomfortable
23,긴 하루가 끝나 몸이 나른하다 그래서 마음이 깊다,223,29,25,23,sleepy
24,오늘 점심을 먹고 나니 졸음이 쏟아진다 잊기 힘들다,226,30,33,40,sleepy
25,오늘 오늘 하루가 너무 힘들었다 마음에 오래 남는다,222,71,49,26,sad
26,요즘 도움을 준 친구에게 고마움이 든다,107,79,92,86,grateful
27,요즘 호수 위의 달빛이 고요하다 마음에 오래 남는다,27,60,41,65,calm
28,요즘 일을 마치고 집에 오니 지쳐 쓰러질 것 같다 잊기 힘들다,28,57,43,40,tired
29,가끔 호수 위의 달빛이 고요하다,37,40,57,63,calm
30,오늘 문제를 풀다 보니 집중이 깊어진다,211,82,72,71,focused
31,오늘 사무실에서 너무 많은 일을 했다 마음에 오래 남는다,15,43,51,43,tired
32,어제 문제를 풀다 보니 집중이 깊어진다,193,73,70,71,focused
33,마음속이 공허하다 그래서 마음이 깊다,244,64,34,28,lonely
34,어제 긴 하루가 끝나 몸이 나른하다,228,40,17,39,sleepy
35,어제 예상치 못한 상황에 긴장된다 마음에 오래 남는다,182,60,45,49,anxious
36,촛불 불빛 속 대화가 따뜻하다 그래서 마음이 깊다,292,98,92,70,romantic
37,오늘 새로운 도전을 하니 활력이 돈다 그래서 마음이 깊다,59,100,98,94,energetic
38,가끔 가족과 함께 저녁을 먹으니 행복하다 잊기 힘들다,51,86,91,94,happy
39,가끔 내일 발표가 걱정되어 불안하다 마음에 오래 남는다,189,63,53,48,anxious
40,가끔 조용히 책을 읽으니 평온하다 다시 생각난다,50,44,52,65,calm
41,오늘 햇살이 나뭇잎 사이로 스며든다,62,38,87,87,natural
42,촛불 불빛 속 대화가 따뜻하다,293,96,79,60,romantic
43,오늘 호수 위의 달빛이 고요하다 마음에 오래 남는다,33,66,60,45,calm
44,오늘 회의가 길어져서 짜증이 났다,350,98,74,80,angry
45,요즘 앞일을 생각하니 마음이 조급하다 그래서 마음이 깊다,186,77,46,46,anxious
46,오늘 앞일을 생각하니 마음이 조급하다,184,70,51,60,anxious
47,어제 점심을 먹고 나니 졸음이 쏟아진다 다시 생각난다,230,38,32,27,sleepy
48,요즘 억울한 말을 들어 속이 끓는다 그래서 마음이 깊다,4,98,79,82,angry
49,어제 호수 위의 달빛이 고요하다 그래서 마음이 깊다,51,54,51,58,calm
50,오늘 좋은 소식을 들으니 마음이 밝다,80,86,100,76,happy
51,어제 응원의 말이 큰 힘이 된다 그래서 마음이 깊다,106,77,88,92,grateful
52,가끔 손을 잡으니 온기가 전해진다 다시 생각난다,35,78,82,65,warm
53,조용한 방에서 글을 쓰다 보니 몰입한다 마음에 오래 남는다,190,73,80,80,focused
54,새로운 도전을 하니 활력이 돈다 다시 생각난다,51,100,95,94,energetic
55,어제 혼자 남겨진 듯한 기분이 든다 마음에 오래 남는다,208,75,30,39,sad
56,요즘 햇살이 비추니 마음이 따뜻하다 그래서 마음이 깊다,34,76,80,75,warm
57,요즘 불합리한 상황이 반복되어 참기 어렵다 마음에 오래 남는다,13,100,90,85,angry
58,요즘 사람들이 떠나간 거리가 적막하다 마음에 오래 남는다,222,69,28,28,lonely
59,요즘 조용한 방에서 글을 쓰다 보니 몰입한다,208,86,69,80,focused
60,오늘 내일 발표가 걱정되어 불안하다 그래서 마음이 깊다,200,65,61,53,anxious
61,가끔 가족의 배려가 감사하다 잊기 힘들다,77,69,88,82,grateful
62,명상 속에서 마음이 안정된다 잊기 힘들다,17,68,44,65,calm
63,오늘따라 연인이 더 사랑스럽다,278,100,93,73,romantic
64,요즘 봄 햇살을 맞으니 마음이 따뜻하다 다시 생각난다,45,91,100,84,happy
65,가끔 아이들 웃음소리에 마음이 잔잔하다 마음에 오래 남는다,50,61,47,50,calm
66,오늘 작은 선물이 마음을 따뜻하게 했다 그래서 마음이 깊다,80,68,83,85,grateful
67,사람들이 떠나간 거리가 적막하다 그래서 마음이 깊다,229,63,29,26,lonely
68,어제 별빛이 가득한 저녁이 낭만적이다 마음에 오래 남는다,292,97,86,74,romantic
69,요즘 기대가 무너져 허탈하다 다시 생각난다,210,60,41,38,sad
70,가끔 마음이 무겁고 울적하다 마음에 오래 남는다,233,63,48,51,sad
71,가끔 혼자 남겨진 듯한 기분이 든다 다시 생각난다,237,56,35,36,sad
72,오늘 작은 선물이 마음을 따뜻하게 했다 마음에 오래 남는다,70,76,94,80,grateful
73,요즘 말할 사람이 없어 허전하다 그래서 마음이 깊다,213,62,35,44,lonely
74,가끔 기다리는 동안 손이 떨린다 다시 생각난다,208,75,61,46,anxious
75,요즘 도움을 준 친구에게 고마움이 든다 마음에 오래 남는다,85,76,82,78,grateful
76,문제를 풀다 보니 집중이 깊어진다,213,77,62,77,focused
77,가끔 잔잔한 음악이 흐르는 밤이 설렌다 잊기 힘들다,266,98,89,64,romantic
78,오늘 하루 종일 걸어 다리가 무겁다 잊기 힘들다,26,46,48,47,tired
79,가끔 시험을 앞두고 집중이 잘 된다 다시 생각난다,191,81,78,75,focused
80,요즘 몸이 축 처져 아무것도 하기 싫다 다시 생각난다,25,57,51,37,tired
81,가끔 몸이 축 처져 아무것도 하기 싫다 그래서 마음이 깊다,37,55,52,31,tired
82,하루 종일 걸어 다리가 무겁다 잊기 힘들다,20,59,47,43,tired
83,좋은 소식을 들으니 마음이 밝다 다시 생각난다,74,83,88,85,happy
84,오늘 밤새 잠을 설쳐 눈이 무겁다 다시 생각난다,204,41,23,37,sleepy
85,가끔 잔잔한 음악이 흐르는 밤이 설렌다 마음에 오래 남는다,284,95,91,63,romantic
86,가끔 따뜻한 국을 먹으니 몸이 풀린다 다시 생각난다,36,95,80,73,warm
87,가끔 오늘따라 연인이 더 사랑스럽다 그래서 마음이 깊다,278,96,82,75,romantic
88,가끔 예상치 못한 상황에 긴장된다 다시 생각난다,184,71,47,55,anxious
89,오늘 예상치 못한 상황에 긴장된다 그래서 마음이 깊다,202,78,47,47,anxious
90,요즘 파도 소리가 마음을 차분하게 한다 그래서 마음이 깊다,65,37,81,88,natural
91,오늘 하루가 너무 힘들었다 다시 생각난다,220,45,33,25,sad
92,가족과 함께 있으니 포근하다 다시 생각난다,21,87,84,60,warm
93,가끔 명상 속에서 마음이 안정된다 마음에 오래 남는다,36,40,46,56,calm
94,오늘 밤새 잠을 설쳐 눈이 무겁다,212,45,20,30,sleepy
95,어제 불합리한 상황이 반복되어 참기 어렵다 마음에 오래 남는다,2,100,89,73,angry
96,어제 밤새 잠을 설쳐 눈이 무겁다 그래서 마음이 깊다,223,37,25,33,sleepy
97,명상 속에서 마음이 안정된다,26,57,54,57,calm
98,오늘 새소리가 귀에 맴돈다 다시 생각난다,66,48,82,84,natural
99,요즘 가족과 함께 저녁을 먹으니 행복하다,70,97,96,94,happy
100,마음이 무겁고 울적하다 마음에 오래 남는다,211,54,38,37,sad
101,오늘 별빛이 가득한 저녁이 낭만적이다 다시 생각난다,272,91,86,75,romantic
102,가끔 기대가 무너져 허탈하다 잊기 힘들다,240,70,32,25,sad
103,오늘 새 신발이 발을 조여 불편하다,13,53,29,25,uncomfortable
104,가끔 내일 발표가 걱정되어 불안하다 다시 생각난다,180,75,46,54,anxious
105,오늘 잊고 싶은 기억이 떠올랐다,212,71,45,48,sad
106,요즘 긴장감이 풀리자 피로가 몰려왔다 다시 생각난다,19,55,38,32,tired
107,어제 조용히 책을 읽으니 평온하다 그래서 마음이 깊다,42,45,53,65,calm
108,가족과 함께 저녁을 먹으니 행복하다 잊기 힘들다,43,89,97,92,happy
109,오늘 겨울 아침 담요 속이 따뜻하다 그래서 마음이 깊다,40,77,82,58,warm
110,요즘 봄바람이 부는 길에서 손을 잡으니 행복하다,271,94,94,73,romantic
111,요즘 아이들 웃음소리에 마음이 잔잔하다 마음에 오래 남는다,25,68,57,54,calm
112,어제 몸이 가벼워 에너지가 넘친다,52,98,99,92,energetic
113,가끔 버스가 그냥 지나가 화가 났다 잊기 힘들다,356,97,78,70,angry
114,어제 파도 소리가 마음을 차분하게 한다 잊기 힘들다,37,44,79,81,natural
115,요즘 마음이 무겁고 울적하다 그래서 마음이 깊다,205,52,47,47,sad
116,응원의 말이 큰 힘이 된다 다시 생각난다,80,80,95,89,grateful
117,어제 버스가 그냥 지나가 화가 났다 그래서 마음이 깊다,4,98,85,74,angry
118,오늘 조용히 책을 읽으니 평온하다,15,46,59,55,calm
119,가끔 가족의 배려가 감사하다 그래서 마음이 깊다,72,60,85,91,grateful
120,어제 좋은 소식을 들으니 마음이 밝다 다시 생각난다,47,86,88,94,happy
121,오늘 빈 방에 있으니 쓸쓸하다 잊기 힘들다,240,54,41,29,lonely
122,가끔 가족과 함께 있으니 포근하다 그래서 마음이 깊다,22,90,81,60,warm
123,어제 조용히 책을 읽으니 평온하다 잊기 힘들다,59,46,40,54,calm
124,어제 별빛이 가득한 저녁이 낭만적이다 다시 생각난다,278,87,84,79,romantic
125,새소리가 귀에 맴돈다 그래서 마음이 깊다,54,52,87,76,natural
126,가끔 빈 방에 있으니 쓸쓸하다,233,55,39,29,lonely
127,오늘 호수 위의 달빛이 고요하다 그래서 마음이 깊다,21,46,52,63,calm
128,어제 별빛이 가득한 저녁이 낭만적이다,277,92,94,67,romantic
129,어제 문제를 풀다 보니 집중이 깊어진다 그래서 마음이 깊다,195,74,60,70,focused
130,오늘 하루가 너무 힘들었다 그래서 마음이 깊다,213,75,38,28,sad
131,오늘 일을 마치고 집에 오니 지쳐 쓰러질 것 같다,41,40,39,36,tired
132,새벽까지 깨어 있어 머리가 무겁다 다시 생각난다,203,45,18,21,sleepy
133,가끔 봄바람이 부는 길에서 손을 잡으니 행복하다 잊기 힘들다,288,97,82,78,romantic
134,어제 봄 햇살을 맞으니 마음이 따뜻하다 잊기 힘들다,77,99,90,75,happy
135,어제 오늘 아침에 눈을 뜨자마자 기분이 상쾌했다 다시 생각난다,51,82,100,81,happy
136,요즘 가족과 함께 저녁을 먹으니 행복하다 마음에 오래 남는다,60,95,100,89,happy
137,어제 아침 공기를 마시며 달리니 상쾌하다 잊기 힘들다,86,99,100,97,energetic
138,운동을 마치니 힘이 솟는다 그래서 마음이 깊다,60,99,100,92,energetic
139,어제 봄바람이 부는 길에서 손을 잡으니 행복하다,266,88,94,76,romantic
140,혼자 남겨진 듯한 기분이 든다 마음에 오래 남는다,238,70,36,50,sad
141,요즘 응원의 말이 큰 힘이 된다 잊기 힘들다,87,71,83,78,grateful
142,오늘 말할 사람이 없어 허전하다 잊기 힘들다,217,60,42,31,lonely
143,요즘 공기가 답답해 머리가 무겁다 다시 생각난다,8,59,22,36,uncomfortable
144,요즘 명상 속에서 마음이 안정된다 다시 생각난다,37,49,59,47,calm
145,오늘 운동을 마치니 힘이 솟는다 그래서 마음이 깊다,87,100,100,92,energetic
146,어제 기다리는 동안 손이 떨린다,180,75,49,49,anxious
147,어제 겨울 아침 담요 속이 따뜻하다 다시 생각난다,24,94,82,72,warm
148,가끔 앞일을 생각하니 마음이 조급하다 마음에 오래 남는다,214,69,52,47,anxious
149,햇살이 나뭇잎 사이로 스며든다 다시 생각난다,58,53,83,87,natural
150,가끔 긴 하루가 끝나 몸이 나른하다,219,42,32,40,sleepy
151,내일 발표가 걱정되어 불안하다 마음에 오래 남는다,203,72,49,48,anxious
152,따뜻한 국을 먹으니 몸이 풀린다 잊기 힘들다,34,84,80,65,warm
153,어제 가족의 배려가 감사하다 다시 생각난다,86,74,83,85,grateful
154,명상 속에서 마음이 안정된다 마음에 오래 남는다,25,62,59,46,calm
155,어제 도움을 준 친구에게 고마움이 든다 잊기 힘들다,98,70,83,92,grateful
156,봄바람이 부는 길에서 손을 잡으니 행복하다 다시 생각난다,295,87,91,79,romantic
157,어제 문제를 풀다 보니 집중이 깊어진다 다시 생각난다,185,86,63,71,focused
158,가끔 따뜻한 국을 먹으니 몸이 풀린다 잊기 힘들다,34,89,86,75,warm
159,가끔 겨울 아침 담요 속이 따뜻하다 마음에 오래 남는다,17,88,71,74,warm
160,가끔 기대가 무너져 허탈하다 그래서 마음이 깊다,240,75,31,27,sad
161,새 신발이 발을 조여 불편하다,356,43,23,32,uncomfortable
162,오늘 좋은 음악을 들으니 기운이 난다 마음에 오래 남는다,67,98,100,97,energetic
163,요즘 혼자 있는 시간이 길어져 외롭다 마음에 오래 남는다,230,62,28,43,lonely
164,가끔 불합리한 상황이 반복되어 참기 어렵다 다시 생각난다,13,96,80,85,angry
165,오늘 공기가 답답해 머리가 무겁다 마음에 오래 남는다,27,46,39,44,uncomfortable
166,요즘 사람들이 떠나간 거리가 적막하다 잊기 힘들다,237,69,28,33,lonely
167,어제 봄바람이 부는 길에서 손을 잡으니 행복하다 잊기 힘들다,268,100,89,62,romantic
168,어제 잔잔한 음악이 흐르는 밤이 설렌다 그래서 마음이 깊다,287,92,93,62,romantic
169,어제 따뜻한 국을 먹으니 몸이 풀린다,22,83,70,70,warm
170,요즘 마음이 무겁고 울적하다 다시 생각난다,233,64,40,29,sad
171,요즘 친구들과 함께 웃으며 대화하니 즐겁다,68,96,95,86,happy
172,가끔 말할 사람이 없어 허전하다 마음에 오래 남는다,230,62,38,38,lonely
173,요즘 오늘 아침에 눈을 뜨자마자 기분이 상쾌했다 그래서 마음이 깊다,63,88,90,93,happy
174,생각이 정리되어 선명하다 그래서 마음이 깊다,185,89,71,69,focused
175,오늘 오늘 사무실에서 너무 많은 일을 했다 다시 생각난다,24,46,48,30,tired
176,요즘 손을 잡으니 온기가 전해진다 잊기 힘들다,36,92,84,68,warm
177,요즘 새소리가 귀에 맴돈다 마음에 오래 남는다,49,41,78,79,natural
178,가끔 긴장감이 풀리자 피로가 몰려왔다 다시 생각난다,36,52,37,38,tired
179,요즘 기다리는 동안 손이 떨린다 잊기 힘들다,196,74,49,49,anxious
180,요즘 불합리한 상황이 반복되어 참기 어렵다 다시 생각난다,355,100,84,80,angry
181,어제 별빛이 가득한 저녁이 낭만적이다 그래서 마음이 깊다,279,91,85,80,romantic
182,요즘 불합리한 상황이 반복되어 참기 어렵다 그래서 마음이 깊다,360,100,79,84,angry
183,요즘 오늘 사무실에서 너무 많은 일을 했다,37,52,48,33,tired
184,가끔 오늘 하루에 감사하다 그래서 마음이 깊다,81,60,92,84,grateful
185,요즘 새로운 도전을 하니 활력이 돈다 마음에 오래 남는다,68,99,100,93,energetic
186,가끔 오늘 하루에 감사하다 다시 생각난다,92,75,95,81,grateful
187,오늘 연구에 몰두하니 시간 가는 줄 모른다,214,85,78,60,focused
188,요즘 새로운 도전을 하니 활력이 돈다 그래서 마음이 깊다,59,99,100,91,energetic
189,오늘 일을 마치고 집에 오니 지쳐 쓰러질 것 같다 그래서 마음이 깊다,39,58,45,36,tired
190,가끔 아침 공기를 마시며 달리니 상쾌하다 그래서 마음이 깊다,64,97,95,97,energetic
191,요즘 혼자 있는 시간이 길어져 외롭다 잊기 힘들다,244,65,30,37,lonely
192,따뜻한 국을 먹으니 몸이 풀린다 마음에 오래 남는다,22,82,85,57,warm
193,요즘 전화벨 소리에 가슴이 철렁한다 잊기 힘들다,202,62,54,54,anxious
194,오늘 문제를 풀다 보니 집중이 깊어진다 다시 생각난다,197,77,75,78,focused
195,가끔 봄 햇살을 맞으니 마음이 따뜻하다,55,95,96,82,happy
196,혼자 있는 시간이 길어져 외롭다 잊기 힘들다,237,63,25,31,lonely
197,가끔 기다리는 동안 손이 떨린다 잊기 힘들다,209,72,61,56,anxious
198,어제 잔잔한 음악이 흐르는 밤이 설렌다 다시 생각난다,285,96,83,61,romantic
199,요즘 공기가 답답해 머리가 무겁다 그래서 마음이 깊다,1,54,39,32,uncomfortable
200,가끔 연구에 몰두하니 시간 가는 줄 모른다,191,89,66,60,focused
201,가끔 촛불 불빛 속 대화가 따뜻하다 마음에 오래 남는다,269,90,89,76,romantic
202,요즘 생각이 정리되어 선명하다,207,76,61,78,focused
203,가끔 연구에 몰두하니 시간 가는 줄 모른다 그래서 마음이 깊다,198,85,73,62,focused
204,오늘 아이들 웃음소리에 마음이 잔잔하다 그래서 마음이 깊다,15,70,54,45,calm
205,가끔 하루 종일 걸어 다리가 무겁다 잊기 힘들다,17,49,53,30,tired
206,가끔 아침 공기를 마시며 달리니 상쾌하다 잊기 힘들다,86,100,96,95,energetic
207,오늘 오늘 하루에 감사하다,98,68,86,90,grateful
208,어제 가족의 배려가 감사하다 잊기 힘들다,76,72,82,86,grateful
209,오늘 문제를 풀다 보니 집중이 깊어진다 잊기 힘들다,191,80,70,80,focused
210,오늘 조용히 책을 읽으니 평온하다 그래서 마음이 깊다,46,66,51,60,calm
211,오늘 주변 소음이 거슬려 집중이 안 된다 잊기 힘들다,7,48,28,33,uncomfortable
212,가끔 주변 소음이 거슬려 집중이 안 된다 마음에 오래 남는다,359,45,29,27,uncomfortable
213,어제 불합리한 상황이 반복되어 참기 어렵다 잊기 힘들다,2,96,79,67,angry
214,기대가 무너져 허탈하다,221,64,48,45,sad
215,생각이 정리되어 선명하다 잊기 힘들다,197,72,75,63,focused
216,기대가 무너져 허탈하다 다시 생각난다,215,52,36,30,sad
217,오늘 억울한 말을 들어 속이 끓는다 잊기 힘들다,14,100,87,67,angry
218,요즘 몸이 가벼워 에너지가 넘친다 잊기 힘들다,73,95,95,93,energetic
219,오늘 숲길을 걷자 마음이 맑아졌다 다시 생각난다,39,43,89,73,natural
220,오늘 마음속이 공허하다 다시 생각난다,242,61,32,25,lonely
221,요즘 아이들 웃음소리에 마음이 잔잔하다 잊기 힘들다,34,52,55,58,calm
222,오늘 하루에 감사하다 그래서 마음이 깊다,84,71,88,86,grateful
223,어제 친구들과 함께 웃으며 대화하니 즐겁다 그래서 마음이 깊다,52,98,96,80,happy
224,회의가 길어져서 짜증이 났다 다시 생각난다,351,100,89,83,angry
225,요즘 손을 잡으니 온기가 전해진다 그래서 마음이 깊다,36,77,78,68,warm
226,어제 전화벨 소리에 가슴이 철렁한다 다시 생각난다,185,73,59,54,anxious
227,요즘 점심을 먹고 나니 졸음이 쏟아진다 다시 생각난다,186,40,21,38,sleepy
228,요즘 긴 하루가 끝나 몸이 나른하다 마음에 오래 남는다,198,36,23,32,sleepy
229,가끔 새벽까지 깨어 있어 머리가 무겁다 잊기 힘들다,227,32,22,20,sleepy
230,어제 의자가 딱딱해 오래 앉기 힘들다,13,48,32,43,uncomfortable
231,요즘 전화벨 소리에 가슴이 철렁한다,184,61,62,45,anxious
232,가끔 가족과 함께 저녁을 먹으니 행복하다,80,90,89,89,happy
233,요즘 밤공기를 마시며 걷자 차분해졌다 다시 생각난다,31,47,42,63,calm
234,요즘 의자가 딱딱해 오래 앉기 힘들다,354,60,22,40,uncomfortable
235,오늘 파도 소리가 마음을 차분하게 한다 다시 생각난다,68,37,87,78,natural
236,앞일을 생각하니 마음이 조급하다 다시 생각난다,192,66,49,54,anxious
237,요즘 시험을 앞두고 집중이 잘 된다 잊기 힘들다,213,79,73,70,focused
238,오늘 주변 소음이 거슬려 집중이 안 된다,26,49,33,41,uncomfortable
239,가끔 긴 하루가 끝나 몸이 나른하다 그래서 마음이 깊다,228,42,29,33,sleepy
240,오늘 긴장감이 풀리자 피로가 몰려왔다 그래서 마음이 깊다,25,54,51,44,tired
241,오늘 내일 발표가 걱정되어 불안하다 잊기 힘들다,207,66,58,41,anxious
242,가끔 아이들 웃음소리에 마음이 잔잔하다 잊기 힘들다,20,70,54,56,calm
243,내일 발표가 걱정되어 불안하다,203,74,64,46,anxious
244,오늘 따뜻한 국을 먹으니 몸이 풀린다 다시 생각난다,45,91,81,66,warm
245,어제 몸이 축 처져 아무것도 하기 싫다 잊기 힘들다,20,45,42,45,tired
246,요즘 문제를 풀다 보니 집중이 깊어진다 잊기 힘들다,191,90,79,75,focused
247,오늘 혼자 남겨진 듯한 기분이 든다,210,52,40,33,sad
248,호수 위의 달빛이 고요하다 마음에 오래 남는다,44,53,41,57,calm
249,요즘 파도 소리가 마음을 차분하게 한다,57,36,89,86,natural
250,어제 조용히 책을 읽으니 평온하다 마음에 오래 남는다,32,70,41,50,calm
251,가끔 공기가 답답해 머리가 무겁다,352,54,25,29,uncomfortable
252,오늘 전화벨 소리에 가슴이 철렁한다,201,60,60,59,anxious
253,어제 새소리가 귀에 맴돈다 다시 생각난다,67,48,80,74,natural
254,가끔 별빛이 가득한 저녁이 낭만적이다 마음에 오래 남는다,266,97,90,71,romantic
255,가끔 따뜻한 국을 먹으니 몸이 풀린다 마음에 오래 남는다,24,83,85,71,warm
256,요즘 아침 공기를 마시며 달리니 상쾌하다,68,100,100,90,energetic
257,오늘 문제를 풀다 보니 집중이 깊어진다 그래서 마음이 깊다,197,70,67,66,focused
258,가끔 점심을 먹고 나니 졸음이 쏟아진다 다시 생각난다,195,31,23,32,sleepy
259,어제 오늘 아침에 눈을 뜨자마자 기분이 상쾌했다 그래서 마음이 깊다,61,98,89,93,happy
260,어제 내일 발표가 걱정되어 불안하다 마음에 오래 남는다,217,71,47,40,anxious
261,오늘 따뜻한 국을 먹으니 몸이 풀린다 잊기 힘들다,39,89,81,70,warm
262,아이들 웃음소리에 마음이 잔잔하다 그래서 마음이 깊다,44,48,55,64,calm
263,어제 아이들 웃음소리에 마음이 잔잔하다 그래서 마음이 깊다,25,63,40,62,calm
264,요즘 오늘따라 연인이 더 사랑스럽다 그래서 마음이 깊다,282,100,76,69,romantic
265,작은 선물이 마음을 따뜻하게 했다 잊기 힘들다,103,79,95,81,grateful
266,오늘 하루 종일 걸어 다리가 무겁다 다시 생각난다,14,53,54,46,tired
267,오늘 손을 잡으니 온기가 전해진다 그래서 마음이 깊다,35,93,73,58,warm
268,응원의 말이 큰 힘이 된다 잊기 힘들다,109,63,89,79,grateful
269,예상치 못한 상황에 긴장된다 그래서 마음이 깊다,180,63,64,45,anxious
270,조용한 방에서 글을 쓰다 보니 몰입한다 그래서 마음이 깊다,190,88,70,60,focused
271,어제 주변 소음이 거슬려 집중이 안 된다,29,54,28,41,uncomfortable
272,가끔 말할 사람이 없어 허전하다 그래서 마음이 깊다,223,67,36,39,lonely
273,가끔 책을 읽다 그대로 잠이 들었다 다시 생각난다,213,45,33,28,sleepy
274,요즘 새 신발이 발을 조여 불편하다 다시 생각난다,9,50,37,31,uncomfortable
275,어제 작은 선물이 마음을 따뜻하게 했다 그래서 마음이 깊다,100,72,92,79,grateful
276,가끔 시험을 앞두고 집중이 잘 된다 잊기 힘들다,205,77,75,78,focused
277,오늘 가족의 배려가 감사하다,85,60,96,90,grateful
278,가끔 마음이 무겁고 울적하다,233,65,42,29,sad
279,가끔 의자가 딱딱해 오래 앉기 힘들다,352,52,40,26,uncomfortable
280,요즘 회의가 길어져서 짜증이 났다 잊기 힘들다,4,100,83,66,angry
281,가끔 운동을 마치니 힘이 솟는다 다시 생각난다,79,96,100,92,energetic
282,요즘 빈 방에 있으니 쓸쓸하다 그래서 마음이 깊다,218,56,26,25,lonely
283,어제 촛불 불빛 속 대화가 따뜻하다,293,90,87,79,romantic
284,가끔 잔잔한 음악이 흐르는 밤이 설렌다,281,98,79,65,romantic
285,오늘 새로운 도전을 하니 활력이 돈다 마음에 오래 남는다,70,98,100,93,energetic
286,요즘 기대가 무너져 허탈하다 잊기 힘들다,239,70,35,55,sad
287,오늘 오늘 사무실에서 너무 많은 일을 했다 잊기 힘들다,47,40,42,50,tired
288,새로운 도전을 하니 활력이 돈다 마음에 오래 남는다,77,97,96,100,energetic
289,오늘 말할 사람이 없어 허전하다,247,59,27,29,lonely
290,어제 몸이 가벼워 에너지가 넘친다 그래서 마음이 깊다,65,98,100,90,energetic
291,요즘 혼자 있는 시간이 길어져 외롭다,237,54,45,39,lonely
292,가끔 오늘 사무실에서 너무 많은 일을 했다,50,56,53,38,tired
293,요즘 손을 잡으니 온기가 전해진다 다시 생각난다,40,91,89,67,warm
294,요즘 긴 하루가 끝나 몸이 나른하다,211,33,21,21,sleepy
295,어제 기다리는 동안 손이 떨린다 마음에 오래 남는다,220,74,65,55,anxious
296,오늘 불합리한 상황이 반복되어 참기 어렵다 다시 생각난다,15,100,86,67,angry
297,작은 선물이 마음을 따뜻하게 했다 마음에 오래 남는다,77,64,92,85,grateful
298,가족과 함께 저녁을 먹으니 행복하다 마음에 오래 남는다,53,81,91,88,happy
299,가끔 파도 소리가 마음을 차분하게 한다 다시 생각난다,37,38,78,75,natural
300,몸이 가벼워 에너지가 넘친다 다시 생각난다,87,99,96,92,energetic
301,오늘 전화벨 소리에 가슴이 철렁한다 잊기 힘들다,204,72,61,53,anxious
302,어제 손을 잡으니 온기가 전해진다 그래서 마음이 깊다,24,80,81,68,warm
303,가끔 가족과 함께 있으니 포근하다 마음에 오래 남는다,23,84,74,58,warm
304,빈 방에 있으니 쓸쓸하다 그래서 마음이 깊다,227,57,34,42,lonely
305,요즘 새로운 도전을 하니 활력이 돈다 다시 생각난다,63,100,100,100,energetic
306,어제 파도 소리가 마음을 차분하게 한다 그래서 마음이 깊다,34,45,89,84,natural
307,오늘 내일 발표가 걱정되어 불안하다,220,76,62,47,anxious
308,어제 점심을 먹고 나니 졸음이 쏟아진다 잊기 힘들다,215,45,30,32,sleepy
309,요즘 의자가 딱딱해 오래 앉기 힘들다 그래서 마음이 깊다,5,43,28,35,uncomfortable
310,가족의 배려가 감사하다,105,62,94,88,grateful
311,가끔 긴 하루가 끝나 몸이 나른하다 다시 생각난다,195,41,19,23,sleepy
312,가끔 말할 사람이 없어 허전하다 잊기 힘들다,231,62,35,37,lonely
313,어제 긴 하루가 끝나 몸이 나른하다 마음에 오래 남는다,215,30,26,31,sleepy
314,봄 햇살을 맞으니 마음이 따뜻하다 그래서 마음이 깊다,71,84,99,77,happy
315,회의가 길어져서 짜증이 났다 마음에 오래 남는다,15,100,75,80,angry
316,가끔 점심을 먹고 나니 졸음이 쏟아진다 잊기 힘들다,235,36,28,24,sleepy
317,가끔 오늘 아침에 눈을 뜨자마자 기분이 상쾌했다,47,85,93,83,happy
318,회의가 길어져서 짜증이 났다 그래서 마음이 깊다,354,100,84,78,angry
319,어제 연구에 몰두하니 시간 가는 줄 모른다 다시 생각난다,215,85,74,66,focused
320,어제 햇살이 비추니 마음이 따뜻하다 잊기 힘들다,27,93,71,74,warm
321,어제 억울한 말을 들어 속이 끓는다 다시 생각난다,8,100,89,68,angry
322,불합리한 상황이 반복되어 참기 어렵다,15,98,73,85,angry
323,요즘 긴 하루가 끝나 몸이 나른하다 잊기 힘들다,217,30,17,25,sleepy
324,가끔 운동을 마치니 힘이 솟는다,63,97,95,92,energetic
325,가끔 기다리는 동안 손이 떨린다,199,78,63,51,anxious
326,요즘 앞일을 생각하니 마음이 조급하다 마음에 오래 남는다,206,80,60,55,anxious
327,가끔 오늘 아침에 눈을 뜨자마자 기분이 상쾌했다 다시 생각난다,61,89,88,80,happy
328,손을 잡으니 온기가 전해진다 잊기 힘들다,30,92,80,60,warm
329,어제 도움을 준 친구에게 고마움이 든다 그래서 마음이 깊다,73,80,83,92,grateful
330,오늘 하루 종일 걸어 다리가 무겁다 그래서 마음이 깊다,28,46,40,34,tired
331,오늘 마음속이 공허하다 그래서 마음이 깊다,236,53,29,30,lonely
332,오늘 앞일을 생각하니 마음이 조급하다 마음에 오래 남는다,187,65,46,55,anxious
333,요즘 가족의 배려가 감사하다,70,68,96,92,grateful
334,오늘 기다리는 동안 손이 떨린다 그래서 마음이 깊다,196,75,49,44,anxious
335,가끔 내일 발표가 걱정되어 불안하다 잊기 힘들다,208,61,54,55,anxious
336,어제 책을 읽다 그대로 잠이 들었다 다시 생각난다,226,45,29,26,sleepy
337,요즘 오늘 하루가 너무 힘들었다 잊기 힘들다,227,51,47,55,sad
338,가끔 호수 위의 달빛이 고요하다 그래서 마음이 깊다,21,40,58,54,calm
339,가끔 호수 위의 달빛이 고요하다 잊기 힘들다,17,64,56,52,calm
340,어제 봄바람이 부는 길에서 손을 잡으니 행복하다 마음에 오래 남는다,275,94,75,63,romantic
341,어제 전화벨 소리에 가슴이 철렁한다 잊기 힘들다,198,67,53,40,anxious
342,어제 앞일을 생각하니 마음이 조급하다 잊기 힘들다,184,74,56,47,anxious
343,요즘 잔잔한 음악이 흐르는 밤이 설렌다,269,92,88,65,romantic
344,오늘 명상 속에서 마음이 안정된다 잊기 힘들다,41,46,45,49,calm
345,어제 하루 종일 걸어 다리가 무겁다 다시 생각난다,38,54,40,40,tired
346,요즘 연구에 몰두하니 시간 가는 줄 모른다 마음에 오래 남는다,214,79,68,61,focused
347,점심을 먹고 나니 졸음이 쏟아진다 마음에 오래 남는다,216,27,18,32,sleepy
348,오늘 흙냄새가 코끝을 스친다 마음에 오래 남는다,49,35,88,76,natural
349,명상 속에서 마음이 안정된다 그래서 마음이 깊다,31,56,59,61,calm
350,가끔 친구들과 함께 웃으며 대화하니 즐겁다,79,90,90,86,happy
351,가끔 문제를 풀다 보니 집중이 깊어진다 다시 생각난다,210,80,72,69,focused
352,호수 위의 달빛이 고요하다,57,70,54,59,calm
353,오늘 촛불 불빛 속 대화가 따뜻하다 마음에 오래 남는다,295,100,88,64,romantic
354,오늘 마음이 무겁고 울적하다 다시 생각난다,204,67,30,31,sad
355,어제 연구에 몰두하니 시간 가는 줄 모른다 마음에 오래 남는다,209,75,62,69,focused
356,요즘 억울한 말을 들어 속이 끓는다,346,96,82,65,angry
357,회의가 길어져서 짜증이 났다,3,95,71,71,angry
358,요즘 좋은 소식을 들으니 마음이 밝다 잊기 힘들다,79,83,100,93,happy
359,의자가 딱딱해 오래 앉기 힘들다 그래서 마음이 깊다,23,59,27,31,uncomfortable
360,가끔 응원의 말이 큰 힘이 된다 잊기 힘들다,102,68,89,78,grateful
361,오늘 새벽까지 깨어 있어 머리가 무겁다 그래서 마음이 깊다,224,36,30,21,sleepy
362,요즘 오늘 하루가 너무 힘들었다 마음에 오래 남는다,232,65,32,36,sad
363,가끔 아침 공기를 마시며 달리니 상쾌하다 다시 생각난다,75,100,96,99,energetic
364,어제 내일 발표가 걱정되어 불안하다 다시 생각난다,212,76,60,58,anxious
365,요즘 작은 선물이 마음을 따뜻하게 했다 마음에 오래 남는다,98,64,85,83,grateful
366,요즘 햇살이 비추니 마음이 따뜻하다,41,84,83,69,warm
367,어제 호수 위의 달빛이 고요하다 다시 생각난다,30,40,56,57,calm
368,가끔 공기가 답답해 머리가 무겁다 다시 생각난다,1,54,38,25,uncomfortable
369,가끔 밤공기를 마시며 걷자 차분해졌다 그래서 마음이 깊다,56,40,56,60,calm
370,오늘 새소리가 귀에 맴돈다 그래서 마음이 깊다,51,45,92,80,natural
371,도움을 준 친구에게 고마움이 든다 잊기 힘들다,95,80,85,85,grateful
372,가끔 사람들이 떠나간 거리가 적막하다 다시 생각난다,236,68,34,39,lonely
373,밤새 잠을 설쳐 눈이 무겁다 마음에 오래 남는다,220,34,17,22,sleepy
374,오늘 손을 잡으니 온기가 전해진다,32,80,71,62,warm
375,요즘 숲길을 걷자 마음이 맑아졌다 그래서 마음이 깊다,68,47,80,82,natural
376,몸이 가벼워 에너지가 넘친다 그래서 마음이 깊다,84,98,96,100,energetic
377,새로운 도전을 하니 활력이 돈다 그래서 마음이 깊다,55,100,99,100,energetic
378,오늘 잔잔한 음악이 흐르는 밤이 설렌다,269,94,83,77,romantic
379,책을 읽다 그대로 잠이 들었다 잊기 힘들다,219,28,19,40,sleepy
380,요즘 손을 잡으니 온기가 전해진다,34,85,72,68,warm
381,가끔 오늘따라 연인이 더 사랑스럽다 잊기 힘들다,273,100,93,66,romantic
382,오늘 불합리한 상황이 반복되어 참기 어렵다 그래서 마음이 깊다,8,100,80,67,angry
383,가끔 문제를 풀다 보니 집중이 깊어진다 마음에 오래 남는다,210,87,62,74,focused
384,요즘 잊고 싶은 기억이 떠올랐다 그래서 마음이 깊다,231,48,37,55,sad
385,요즘 겨울 아침 담요 속이 따뜻하다 잊기 힘들다,27,80,80,64,warm
386,생각이 정리되어 선명하다 마음에 오래 남는다,192,89,80,60,focused
387,가끔 작은 선물이 마음을 따뜻하게 했다 그래서 마음이 깊다,96,63,83,77,grateful
388,오늘 몸이 가벼워 에너지가 넘친다 그래서 마음이 깊다,68,100,95,93,energetic
389,오늘 가족과 함께 저녁을 먹으니 행복하다 잊기 힘들다,64,97,95,85,happy
390,가끔 아침 공기를 마시며 달리니 상쾌하다 마음에 오래 남는다,80,100,100,92,energetic
391,내일 발표가 걱정되어 불안하다 잊기 힘들다,203,72,54,59,anxious
392,요즘 잔잔한 음악이 흐르는 밤이 설렌다 잊기 힘들다,295,97,91,67,romantic
393,주변 소음이 거슬려 집중이 안 된다 잊기 힘들다,360,43,29,42,uncomfortable
394,어제 시험을 앞두고 집중이 잘 된다 마음에 오래 남는다,202,74,73,79,focused
395,가끔 문제를 풀다 보니 집중이 깊어진다 잊기 힘들다,203,83,79,64,focused
396,가끔 점심을 먹고 나니 졸음이 쏟아진다,187,30,33,25,sleepy
397,오늘 도움을 준 친구에게 고마움이 든다 마음에 오래 남는다,80,73,90,88,grateful
398,가끔 숲길을 걷자 마음이 맑아졌다,59,49,79,73,natural
399,어제 몸이 가벼워 에너지가 넘친다 잊기 힘들다,84,99,100,94,energetic
400,예상치 못한 상황에 긴장된다,212,77,60,51,anxious
401,오늘 오늘 아침에 눈을 뜨자마자 기분이 상쾌했다 다시 생각난다,68,97,100,89,happy
402,문제를 풀다 보니 집중이 깊어진다 그래서 마음이 깊다,206,83,60,60,focused
403,아침 공기를 마시며 달리니 상쾌하다 잊기 힘들다,82,100,98,95,energetic
404,혼자 있는 시간이 길어져 외롭다 마음에 오래 남는다,250,58,30,28,lonely
405,오늘 새 신발이 발을 조여 불편하다 그래서 마음이 깊다,14,49,34,25,uncomfortable
406,오늘 예상치 못한 상황에 긴장된다 잊기 힘들다,217,62,55,59,anxious
407,가끔 생각이 정리되어 선명하다 마음에 오래 남는다,205,87,76,62,focused
408,어제 아이들 웃음소리에 마음이 잔잔하다 다시 생각난다,27,44,43,63,calm
409,촛불 불빛 속 대화가 따뜻하다 다시 생각난다,294,100,76,68,romantic
410,가끔 새소리가 귀에 맴돈다 그래서 마음이 깊다,50,49,92,85,natural
411,요즘 생각이 정리되어 선명하다 그래서 마음이 깊다,187,76,63,80,focused
412,눈이 따가워 집중하기 어렵다 다시 생각난다,12,53,39,41,uncomfortable
413,오늘 따뜻한 국을 먹으니 몸이 풀린다 마음에 오래 남는다,24,86,90,67,warm
414,말할 사람이 없어 허전하다 그래서 마음이 깊다,217,65,41,42,lonely
415,어제 일을 마치고 집에 오니 지쳐 쓰러질 것 같다 그래서 마음이 깊다,17,48,43,31,tired
416,가끔 억울한 말을 들어 속이 끓는다,8,95,78,71,angry
417,햇살이 비추니 마음이 따뜻하다 다시 생각난다,15,95,86,61,warm
418,가끔 조용한 방에서 글을 쓰다 보니 몰입한다 잊기 힘들다,205,70,80,72,focused
419,오늘 생각이 정리되어 선명하다 마음에 오래 남는다,206,80,64,65,focused
420,요즘 마음속이 공허하다 마음에 오래 남는다,244,62,28,35,lonely
421,가끔 가족과 함께 있으니 포근하다 잊기 힘들다,34,90,73,64,warm
422,봄 햇살을 맞으니 마음이 따뜻하다,52,87,100,88,happy
423,가끔 문제를 풀다 보니 집중이 깊어진다 그래서 마음이 깊다,214,80,74,73,focused
424,일을 마치고 집에 오니 지쳐 쓰러질 것 같다 마음에 오래 남는다,44,57,39,33,tired
425,오늘 오늘 하루가 너무 힘들었다 다시 생각난다,208,47,47,42,sad
426,가끔 가족과 함께 저녁을 먹으니 행복하다 그래서 마음이 깊다,47,89,88,93,happy
427,가끔 좋은 음악을 들으니 기운이 난다 그래서 마음이 깊다,80,98,100,100,energetic
428,연구에 몰두하니 시간 가는 줄 모른다,189,70,61,69,focused
429,요즘 가족의 배려가 감사하다 잊기 힘들다,83,61,84,78,grateful
430,요즘 잊고 싶은 기억이 떠올랐다 마음에 오래 남는다,226,53,38,32,sad
431,오늘 몸이 축 처져 아무것도 하기 싫다 마음에 오래 남는다,33,53,46,31,tired
432,요즘 햇살이 비추니 마음이 따뜻하다 잊기 힘들다,43,87,89,72,warm
433,가끔 흙냄새가 코끝을 스친다,68,52,88,72,natural
434,의자가 딱딱해 오래 앉기 힘들다 마음에 오래 남는다,10,45,31,25,uncomfortable
435,요즘 좋은 소식을 들으니 마음이 밝다 마음에 오래 남는다,65,80,100,88,happy
436,어제 잔잔한 음악이 흐르는 밤이 설렌다 마음에 오래 남는다,286,89,92,60,romantic
437,오늘따라 연인이 더 사랑스럽다 그래서 마음이 깊다,277,87,88,75,romantic
438,새벽까지 깨어 있어 머리가 무겁다 잊기 힘들다,218,37,21,37,sleepy
439,가끔 밤공기를 마시며 걷자 차분해졌다,15,57,47,48,calm
440,오늘 몸이 가벼워 에너지가 넘친다 다시 생각난다,61,95,96,97,energetic
441,오늘 오늘 하루에 감사하다 그래서 마음이 깊다,81,69,82,89,grateful
442,어제 가족과 함께 있으니 포근하다,40,92,80,58,warm
443,오늘 운동을 마치니 힘이 솟는다 잊기 힘들다,79,98,98,96,energetic
444,몸이 축 처져 아무것도 하기 싫다 마음에 오래 남는다,32,44,39,41,tired
445,요즘 좋은 소식을 들으니 마음이 밝다,65,96,95,90,happy
446,요즘 흙냄새가 코끝을 스친다 다시 생각난다,54,44,88,80,natural
447,가끔 억울한 말을 들어 속이 끓는다 잊기 힘들다,359,99,82,81,angry
448,가끔 회의가 길어져서 짜증이 났다 다시 생각난다,6,98,72,80,angry
449,어제 손을 잡으니 온기가 전해진다 다시 생각난다,18,82,86,70,warm
450,가끔 혼자 있는 시간이 길어져 외롭다 그래서 마음이 깊다,242,53,40,31,lonely
451,요즘 연구에 몰두하니 시간 가는 줄 모른다,191,84,73,65,focused
452,요즘 생각이 정리되어 선명하다 마음에 오래 남는다,186,72,74,64,focused
453,요즘 기다리는 동안 손이 떨린다 마음에 오래 남는다,187,61,52,60,anxious
454,어제 오늘따라 연인이 더 사랑스럽다 다시 생각난다,280,100,87,75,romantic
455,어제 빈 방에 있으니 쓸쓸하다,240,51,25,29,lonely
456,봄바람이 부는 길에서 손을 잡으니 행복하다,269,96,90,64,romantic
457,요즘 조용히 책을 읽으니 평온하다 다시 생각난다,18,67,40,63,calm
458,가끔 도움을 준 친구에게 고마움이 든다 다시 생각난다,90,73,97,86,grateful
459,오늘 오늘 하루에 감사하다 잊기 힘들다,109,61,98,85,grateful
460,오늘 운동을 마치니 힘이 솟는다 마음에 오래 남는다,65,99,97,95,energetic
461,어제 가족과 함께 저녁을 먹으니 행복하다 잊기 힘들다,64,80,95,93,happy
462,어제 마음이 무겁고 울적하다 다시 생각난다,234,50,43,46,sad
463,가끔 마음속이 공허하다 마음에 오래 남는다,240,61,29,44,lonely
464,요즘 마음이 무겁고 울적하다,213,74,43,54,sad
465,어제 새 신발이 발을 조여 불편하다 그래서 마음이 깊다,26,57,25,26,uncomfortable
466,어제 책을 읽다 그대로 잠이 들었다 잊기 힘들다,228,39,28,25,sleepy
467,오늘 몸이 가벼워 에너지가 넘친다 마음에 오래 남는다,84,100,100,95,energetic
468,마음속이 공허하다 다시 생각난다,210,66,45,25,lonely
469,공기가 답답해 머리가 무겁다 그래서 마음이 깊다,10,55,21,39,uncomfortable
470,요즘 시험을 앞두고 집중이 잘 된다 그래서 마음이 깊다,190,85,64,67,focused
471,요즘 주변 소음이 거슬려 집중이 안 된다,26,50,24,45,uncomfortable
472,요즘 운동을 마치니 힘이 솟는다 그래서 마음이 깊다,69,100,100,99,energetic
473,어제 사람들이 떠나간 거리가 적막하다 다시 생각난다,212,58,42,26,lonely
474,조용히 책을 읽으니 평온하다 다시 생각난다,61,49,50,56,calm
475,햇살이 나뭇잎 사이로 스며든다 잊기 힘들다,44,45,91,86,natural
476,오늘 봄바람이 부는 길에서 손을 잡으니 행복하다 잊기 힘들다,269,87,90,65,romantic
477,밤새 잠을 설쳐 눈이 무겁다 다시 생각난다,205,41,25,37,sleepy
478,오늘 좋은 소식을 들으니 마음이 밝다 다시 생각난다,77,96,92,80,happy
479,어제 공기가 답답해 머리가 무겁다 그래서 마음이 깊다,356,52,32,40,uncomfortable
480,요즘 밤새 잠을 설쳐 눈이 무겁다 그래서 마음이 깊다,225,41,18,22,sleepy
481,오늘 별빛이 가득한 저녁이 낭만적이다 마음에 오래 남는다,289,100,94,71,romantic
482,어제 작은 선물이 마음을 따뜻하게 했다,70,79,83,87,grateful
483,오늘 오늘 사무실에서 너무 많은 일을 했다 마음에 오래 남는다,24,55,54,47,tired
484,오늘 빈 방에 있으니 쓸쓸하다 다시 생각난다,228,69,39,30,lonely
485,어제 연구에 몰두하니 시간 가는 줄 모른다 잊기 힘들다,206,79,62,71,focused
486,어제 봄 햇살을 맞으니 마음이 따뜻하다 그래서 마음이 깊다,67,94,89,88,happy
487,가끔 별빛이 가득한 저녁이 낭만적이다 그래서 마음이 깊다,267,89,76,62,romantic
488,긴장감이 풀리자 피로가 몰려왔다,43,40,48,31,tired
489,어제 마음이 무겁고 울적하다 잊기 힘들다,232,51,33,46,sad
490,가족과 함께 저녁을 먹으니 행복하다,68,85,100,91,happy
491,가끔 빈 방에 있으니 쓸쓸하다 마음에 오래 남는다,213,65,43,30,lonely
492,오늘 오늘 사무실에서 너무 많은 일을 했다,25,41,47,46,tired
493,오늘 아침 공기를 마시며 달리니 상쾌하다 잊기 힘들다,58,100,98,92,energetic
494,어제 운동을 마치니 힘이 솟는다 다시 생각난다,73,96,100,95,energetic
495,오늘 겨울 아침 담요 속이 따뜻하다,20,87,72,74,warm
496,요즘 밤새 잠을 설쳐 눈이 무겁다 잊기 힘들다,232,26,22,20,sleepy
497,어제 가족과 함께 저녁을 먹으니 행복하다 다시 생각난다,63,94,100,88,happy
498,오늘 말할 사람이 없어 허전하다 그래서 마음이 깊다,210,67,36,25,lonely
499,요즘 좋은 음악을 들으니 기운이 난다,71,100,95,99,energetic
500,어제 주변 소음이 거슬려 집중이 안 된다 다시 생각난다,360,58,27,43,uncomfortable
501,요즘 친구들과 함께 웃으며 대화하니 즐겁다 잊기 힘들다,50,94,96,94,happy
502,오늘 기다리는 동안 손이 떨린다 다시 생각난다,192,67,55,53,anxious
503,어제 햇살이 비추니 마음이 따뜻하다,15,87,82,71,warm
504,오늘 회의가 길어져서 짜증이 났다 잊기 힘들다,15,100,87,74,angry
505,어제 새벽까지 깨어 있어 머리가 무겁다 다시 생각난다,225,44,29,40,sleepy
506,어제 주변 소음이 거슬려 집중이 안 된다 그래서 마음이 깊다,23,57,32,33,uncomfortable
507,가끔 따뜻한 국을 먹으니 몸이 풀린다,28,94,84,66,warm
508,가끔 숲길을 걷자 마음이 맑아졌다 마음에 오래 남는다,62,39,91,74,natural
509,요즘 공기가 답답해 머리가 무겁다,359,51,32,25,uncomfortable
510,좋은 음악을 들으니 기운이 난다 다시 생각난다,56,98,95,94,energetic
511,오늘 좋은 음악을 들으니 기운이 난다 잊기 힘들다,50,100,97,100,energetic
512,어제 앞일을 생각하니 마음이 조급하다 그래서 마음이 깊다,216,79,50,55,anxious
513,오늘 빈 방에 있으니 쓸쓸하다 그래서 마음이 깊다,233,64,41,32,lonely
514,요즘 조용히 책을 읽으니 평온하다 그래서 마음이 깊다,63,62,57,48,calm
515,오늘 회의가 길어져서 짜증이 났다 다시 생각난다,10,100,72,73,angry
516,요즘 버스가 그냥 지나가 화가 났다,14,100,77,79,angry
517,요즘 가족과 함께 있으니 포근하다 마음에 오래 남는다,38,91,81,68,warm
518,어제 흙냄새가 코끝을 스친다 마음에 오래 남는다,56,52,92,88,natural
519,오늘 전화벨 소리에 가슴이 철렁한다 그래서 마음이 깊다,209,80,48,49,anxious
520,혼자 남겨진 듯한 기분이 든다 그래서 마음이 깊다,214,50,30,49,sad
521,억울한 말을 들어 속이 끓는다,4,100,88,71,angry
522,어제 햇살이 비추니 마음이 따뜻하다 다시 생각난다,44,86,83,68,warm
523,조용히 책을 읽으니 평온하다 마음에 오래 남는다,19,65,50,49,calm
524,요즘 좋은 소식을 들으니 마음이 밝다 다시 생각난다,58,86,89,80,happy
525,요즘 아이들 웃음소리에 마음이 잔잔하다,56,62,41,53,calm
526,어제 조용한 방에서 글을 쓰다 보니 몰입한다,212,85,68,74,focused
527,흙냄새가 코끝을 스친다,40,47,80,88,natural
528,가끔 혼자 있는 시간이 길어져 외롭다 마음에 오래 남는다,246,62,38,40,lonely
529,요즘 생각이 정리되어 선명하다 다시 생각난다,215,76,63,61,focused
530,요즘 밤공기를 마시며 걷자 차분해졌다 마음에 오래 남는다,48,63,49,45,calm
531,어제 잊고 싶은 기억이 떠올랐다 다시 생각난다,226,50,30,47,sad
532,친구들과 함께 웃으며 대화하니 즐겁다 그래서 마음이 깊다,77,93,100,95,happy
533,어제 일을 마치고 집에 오니 지쳐 쓰러질 것 같다,10,44,50,40,tired
534,조용한 방에서 글을 쓰다 보니 몰입한다 다시 생각난다,202,85,74,80,focused
535,가끔 기대가 무너져 허탈하다 다시 생각난다,206,57,30,33,sad
536,파도 소리가 마음을 차분하게 한다 잊기 힘들다,58,39,93,84,natural
537,가끔 봄바람이 부는 길에서 손을 잡으니 행복하다 그래서 마음이 깊다,290,88,80,61,romantic
538,요즘 오늘 아침에 눈을 뜨자마자 기분이 상쾌했다 마음에 오래 남는다,56,87,88,89,happy
539,요즘 약속을 지키지 않아 화가 난다 잊기 힘들다,12,100,87,82,angry
540,요즘 봄바람이 부는 길에서 손을 잡으니 행복하다 그래서 마음이 깊다,295,88,85,79,romantic
541,요즘 주변 소음이 거슬려 집중이 안 된다 다시 생각난다,12,46,23,30,uncomfortable
542,사람들이 떠나간 거리가 적막하다 다시 생각난다,212,68,36,45,lonely
543,어제 억울한 말을 들어 속이 끓는다 그래서 마음이 깊다,6,96,88,74,angry
544,오늘 가족과 함께 저녁을 먹으니 행복하다,67,81,100,82,happy
545,봄바람이 부는 길에서 손을 잡으니 행복하다 마음에 오래 남는다,283,97,83,68,romantic
546,가끔 예상치 못한 상황에 긴장된다 마음에 오래 남는다,197,67,64,49,anxious
547,어제 잊고 싶은 기억이 떠올랐다 그래서 마음이 깊다,220,62,43,34,sad
548,어제 몸이 가벼워 에너지가 넘친다 다시 생각난다,59,98,99,97,energetic
549,별빛이 가득한 저녁이 낭만적이다 그래서 마음이 깊다,277,100,75,75,romantic
550,가끔 혼자 남겨진 듯한 기분이 든다 마음에 오래 남는다,217,54,34,46,sad
551,요즘 책을 읽다 그대로 잠이 들었다 마음에 오래 남는다,203,27,21,27,sleepy
552,요즘 호수 위의 달빛이 고요하다,53,66,46,48,calm
553,어제 혼자 있는 시간이 길어져 외롭다 마음에 오래 남는다,215,59,41,31,lonely
554,마음이 무겁고 울적하다,236,53,34,45,sad
555,어제 조용히 책을 읽으니 평온하다 다시 생각난다,34,40,46,52,calm
556,오늘 점심을 먹고 나니 졸음이 쏟아진다,204,27,22,33,sleepy
557,요즘 작은 선물이 마음을 따뜻하게 했다 그래서 마음이 깊다,102,79,97,92,grateful
558,어제 마음이 무겁고 울적하다,235,50,48,53,sad
559,요즘 일을 마치고 집에 오니 지쳐 쓰러질 것 같다,48,40,41,37,tired
560,가끔 혼자 있는 시간이 길어져 외롭다 다시 생각난다,219,63,42,30,lonely
561,요즘 촛불 불빛 속 대화가 따뜻하다 다시 생각난다,270,91,83,77,romantic
562,오늘 아침에 눈을 뜨자마자 기분이 상쾌했다 잊기 힘들다,79,82,98,82,happy
563,가끔 손을 잡으니 온기가 전해진다 마음에 오래 남는다,17,77,77,55,warm
564,요즘 가족과 함께 있으니 포근하다,36,78,90,57,warm
565,가끔 버스가 그냥 지나가 화가 났다 다시 생각난다,354,100,88,84,angry
566,어제 봄바람이 부는 길에서 손을 잡으니 행복하다 그래서 마음이 깊다,285,98,94,65,romantic
567,가끔 봄 햇살을 맞으니 마음이 따뜻하다 잊기 힘들다,75,80,99,82,happy
568,오늘 연구에 몰두하니 시간 가는 줄 모른다 마음에 오래 남는다,195,85,78,64,focused
569,요즘 억울한 말을 들어 속이 끓는다 다시 생각난다,352,100,78,70,angry
570,요즘 눈이 따가워 집중하기 어렵다 잊기 힘들다,3,50,32,36,uncomfortable
571,요즘 혼자 남겨진 듯한 기분이 든다 그래서 마음이 깊다,230,59,38,51,sad
572,운동을 마치니 힘이 솟는다 마음에 오래 남는다,79,100,97,100,energetic
573,오늘 새로운 도전을 하니 활력이 돈다,80,100,96,90,energetic
574,잊고 싶은 기억이 떠올랐다 마음에 오래 남는다,210,50,47,36,sad
575,오늘 손을 잡으니 온기가 전해진다 마음에 오래 남는다,40,87,78,74,warm
576,오늘 하루가 너무 힘들었다,215,65,46,32,sad
577,오늘 응원의 말이 큰 힘이 된다,88,72,90,81,grateful
578,어제 불합리한 상황이 반복되어 참기 어렵다 그래서 마음이 깊다,355,100,90,79,angry
579,연구에 몰두하니 시간 가는 줄 모른다 다시 생각난다,186,90,63,77,focused
580,파도 소리가 마음을 차분하게 한다,66,41,88,73,natural
581,가끔 새로운 도전을 하니 활력이 돈다 마음에 오래 남는다,75,100,100,92,energetic
582,가끔 말할 사람이 없어 허전하다 다시 생각난다,234,58,38,30,lonely
583,오늘 전화벨 소리에 가슴이 철렁한다 마음에 오래 남는다,185,62,65,49,anxious
584,요즘 새 신발이 발을 조여 불편하다 마음에 오래 남는다,19,45,29,42,uncomfortable
585,요즘 운동을 마치니 힘이 솟는다 마음에 오래 남는다,53,95,100,92,energetic
586,오늘 별빛이 가득한 저녁이 낭만적이다 그래서 마음이 깊다,276,100,94,75,romantic
587,어제 긴 하루가 끝나 몸이 나른하다 잊기 힘들다,231,41,21,31,sleepy
588,요즘 새 신발이 발을 조여 불편하다,29,57,31,37,uncomfortable
589,어제 밤새 잠을 설쳐 눈이 무겁다 다시 생각난다,221,32,24,34,sleepy
590,오늘 책을 읽다 그대로 잠이 들었다,216,28,22,23,sleepy
591,가끔 운동을 마치니 힘이 솟는다 잊기 힘들다,57,100,98,90,energetic
592,오늘 생각이 정리되어 선명하다 그래서 마음이 깊다,215,87,71,75,focused
593,밤공기를 마시며 걷자 차분해졌다,42,63,48,47,calm
594,가끔 긴 하루가 끝나 몸이 나른하다 마음에 오래 남는다,185,43,27,39,sleepy
595,요즘 버스가 그냥 지나가 화가 났다 잊기 힘들다,14,100,85,72,angry
596,요즘 응원의 말이 큰 힘이 된다 마음에 오래 남는다,81,75,88,90,grateful
597,어제 아침 공기를 마시며 달리니 상쾌하다 다시 생각난다,82,100,100,100,energetic
598,오늘 명상 속에서 마음이 안정된다 마음에 오래 남는다,18,64,46,47,calm
599,요즘 햇살이 나뭇잎 사이로 스며든다,59,40,93,80,natural
600,가끔 흙냄새가 코끝을 스친다 잊기 힘들다,51,44,89,84,natural
601,가끔 사람들이 떠나간 거리가 적막하다 그래서 마음이 깊다,236,55,26,33,lonely
602,어제 손을 잡으니 온기가 전해진다 잊기 힘들다,23,80,90,55,warm
603,가끔 손을 잡으니 온기가 전해진다 잊기 힘들다,43,79,72,63,warm
604,오늘 오늘 하루가 너무 힘들었다,203,48,37,54,sad
605,어제 일을 마치고 집에 오니 지쳐 쓰러질 것 같다 마음에 오래 남는다,10,49,43,42,tired
606,가끔 혼자 있는 시간이 길어져 외롭다,223,69,40,29,lonely
607,어제 연구에 몰두하니 시간 가는 줄 모른다 그래서 마음이 깊다,214,72,67,79,focused
608,요즘 가족의 배려가 감사하다 마음에 오래 남는다,106,62,97,91,grateful
609,가끔 겨울 아침 담요 속이 따뜻하다 다시 생각난다,29,82,82,60,warm
610,가끔 조용한 방에서 글을 쓰다 보니 몰입한다,185,79,78,62,focused
611,가끔 혼자 남겨진 듯한 기분이 든다,230,57,31,28,sad
612,혼자 있는 시간이 길어져 외롭다 다시 생각난다,227,54,30,32,lonely
613,가끔 내일 발표가 걱정되어 불안하다,188,63,59,42,anxious
614,어제 친구들과 함께 웃으며 대화하니 즐겁다 마음에 오래 남는다,67,81,89,91,happy
615,오늘 약속을 지키지 않아 화가 난다,360,100,82,80,angry
616,오늘 기대가 무너져 허탈하다 다시 생각난다,202,69,40,48,sad
617,요즘 기다리는 동안 손이 떨린다,199,63,46,56,anxious
618,어제 점심을 먹고 나니 졸음이 쏟아진다 그래서 마음이 깊다,228,28,27,40,sleepy
619,가끔 주변 소음이 거슬려 집중이 안 된다 그래서 마음이 깊다,18,47,29,44,uncomfortable
620,오늘 명상 속에서 마음이 안정된다 그래서 마음이 깊다,48,70,56,48,calm
621,파도 소리가 마음을 차분하게 한다 마음에 오래 남는다,53,38,81,86,natural
622,요즘 책을 읽다 그대로 잠이 들었다 잊기 힘들다,221,36,30,22,sleepy
623,가끔 햇살이 나뭇잎 사이로 스며든다 그래서 마음이 깊다,54,41,92,84,natural
624,요즘 빈 방에 있으니 쓸쓸하다 잊기 힘들다,232,53,35,31,lonely
625,오늘 좋은 소식을 들으니 마음이 밝다 잊기 힘들다,68,87,91,94,happy
626,오늘 회의가 길어져서 짜증이 났다 그래서 마음이 깊다,9,96,74,77,angry
627,책을 읽다 그대로 잠이 들었다,196,29,21,38,sleepy
628,어제 앞일을 생각하니 마음이 조급하다 다시 생각난다,184,64,46,55,anxious
629,오늘 기대가 무너져 허탈하다 잊기 힘들다,236,63,50,33,sad
630,가끔 촛불 불빛 속 대화가 따뜻하다 잊기 힘들다,269,97,84,76,romantic
631,어제 몸이 축 처져 아무것도 하기 싫다 그래서 마음이 깊다,41,57,39,39,tired
632,가끔 긴장감이 풀리자 피로가 몰려왔다 그래서 마음이 깊다,12,55,35,48,tired
633,버스가 그냥 지나가 화가 났다 그래서 마음이 깊다,0,100,79,85,angry
634,조용히 책을 읽으니 평온하다 잊기 힘들다,30,61,55,64,calm
635,새 신발이 발을 조여 불편하다 다시 생각난다,358,54,31,45,uncomfortable
636,요즘 긴 하루가 끝나 몸이 나른하다 다시 생각난다,211,43,20,28,sleepy
637,가끔 좋은 소식을 들으니 마음이 밝다 잊기 힘들다,50,96,92,82,happy
638,가끔 잊고 싶은 기억이 떠올랐다 그래서 마음이 깊다,205,49,50,43,sad
639,아침 공기를 마시며 달리니 상쾌하다 다시 생각난다,65,98,100,97,energetic
640,오늘 친구들과 함께 웃으며 대화하니 즐겁다 다시 생각난다,51,82,100,81,happy
641,마음이 무겁고 울적하다 잊기 힘들다,228,72,48,53,sad
642,오늘 봄 햇살을 맞으니 마음이 따뜻하다,68,80,88,86,happy
643,요즘 좋은 음악을 들으니 기운이 난다 다시 생각난다,51,99,100,92,energetic
644,요즘 점심을 먹고 나니 졸음이 쏟아진다,233,28,21,34,sleepy
645,어제 새로운 도전을 하니 활력이 돈다 마음에 오래 남는다,62,100,98,99,energetic
646,가끔 버스가 그냥 지나가 화가 났다 그래서 마음이 깊다,8,97,78,83,angry
647,오늘 긴 하루가 끝나 몸이 나른하다 다시 생각난다,191,45,26,28,sleepy
648,마음속이 공허하다,243,62,27,37,lonely
649,어제 주변 소음이 거슬려 집중이 안 된다 잊기 힘들다,0,42,38,41,uncomfortable
650,가끔 몸이 가벼워 에너지가 넘친다 다시 생각난다,67,100,96,96,energetic
651,파도 소리가 마음을 차분하게 한다 다시 생각난다,67,48,92,80,natural
652,오늘 응원의 말이 큰 힘이 된다 다시 생각난다,109,70,89,84,grateful
653,어제 가족의 배려가 감사하다 마음에 오래 남는다,80,78,85,77,grateful
654,요즘 햇살이 나뭇잎 사이로 스며든다 그래서 마음이 깊다,41,37,88,79,natural
655,별빛이 가득한 저녁이 낭만적이다,269,99,83,62,romantic
656,오늘 빈 방에 있으니 쓸쓸하다 마음에 오래 남는다,220,53,39,29,lonely
657,오늘 가족과 함께 저녁을 먹으니 행복하다 마음에 오래 남는다,67,91,91,75,happy
658,긴 하루가 끝나 몸이 나른하다,195,33,27,32,sleepy
659,어제 새소리가 귀에 맴돈다 잊기 힘들다,68,43,78,85,natural
660,어제 아이들 웃음소리에 마음이 잔잔하다 마음에 오래 남는다,24,66,48,65,calm
661,어제 운동을 마치니 힘이 솟는다 잊기 힘들다,63,100,100,100,energetic
662,가끔 호수 위의 달빛이 고요하다 다시 생각난다,21,60,45,48,calm
663,어제 겨울 아침 담요 속이 따뜻하다 잊기 힘들다,18,95,70,63,warm
664,어제 약속을 지키지 않아 화가 난다 다시 생각난다,355,99,78,72,angry
665,요즘 별빛이 가득한 저녁이 낭만적이다 그래서 마음이 깊다,281,92,92,74,romantic
666,오늘 하루에 감사하다,83,75,92,88,grateful
667,어제 오늘 하루가 너무 힘들었다 잊기 힘들다,207,45,30,31,sad
668,요즘 불합리한 상황이 반복되어 참기 어렵다 잊기 힘들다,354,100,73,79,angry
669,오늘 오늘따라 연인이 더 사랑스럽다 그래서 마음이 깊다,287,100,80,75,romantic
670,요즘 몸이 축 처져 아무것도 하기 싫다,34,59,54,33,tired
671,요즘 봄 햇살을 맞으니 마음이 따뜻하다,71,84,99,77,happy
672,오늘 억울한 말을 들어 속이 끓는다,354,97,84,69,angry
673,어제 가족과 함께 저녁을 먹으니 행복하다 마음에 오래 남는다,53,81,93,84,happy
674,가끔 말할 사람이 없어 허전하다,236,58,25,35,lonely
675,어제 새벽까지 깨어 있어 머리가 무겁다 잊기 힘들다,218,41,18,40,sleepy
676,요즘 혼자 남겨진 듯한 기분이 든다 다시 생각난다,202,64,42,35,sad
677,가끔 빈 방에 있으니 쓸쓸하다 다시 생각난다,239,59,45,44,lonely
678,어제 생각이 정리되어 선명하다 그래서 마음이 깊다,195,73,62,68,focused
679,오늘 기대가 무너져 허탈하다 마음에 오래 남는다,204,56,43,50,sad
680,어제 약속을 지키지 않아 화가 난다 잊기 힘들다,358,100,84,69,angry
681,어제 하루 종일 걸어 다리가 무겁다 잊기 힘들다,14,54,44,36,tired
682,요즘 연구에 몰두하니 시간 가는 줄 모른다 그래서 마음이 깊다,192,72,75,62,focused
683,오늘 밤공기를 마시며 걷자 차분해졌다,35,51,49,51,calm
684,어제 오늘 하루에 감사하다,94,69,82,82,grateful
685,가끔 아이들 웃음소리에 마음이 잔잔하다 다시 생각난다,57,68,49,56,calm
686,어제 새로운 도전을 하니 활력이 돈다 다시 생각난다,70,100,100,93,energetic
687,어제 도움을 준 친구에게 고마움이 든다 다시 생각난다,93,68,89,80,grateful
688,버스가 그냥 지나가 화가 났다 마음에 오래 남는다,9,100,82,76,angry
689,오늘 잊고 싶은 기억이 떠올랐다 마음에 오래 남는다,200,52,33,46,sad
690,가끔 햇살이 나뭇잎 사이로 스며든다 다시 생각난다,44,53,84,87,natural
691,생각이 정리되어 선명하다 다시 생각난다,198,71,64,68,focused
692,어제 사람들이 떠나간 거리가 적막하다 그래서 마음이 깊다,239,67,37,26,lonely
693,가끔 눈이 따가워 집중하기 어렵다 잊기 힘들다,10,43,37,27,uncomfortable
694,요즘 하루 종일 걸어 다리가 무겁다 다시 생각난다,47,50,39,44,tired
695,요즘 가족과 함께 있으니 포근하다 다시 생각난다,19,92,80,60,warm
696,가끔 새소리가 귀에 맴돈다 마음에 오래 남는다,52,42,93,73,natural
697,어제 도움을 준 친구에게 고마움이 든다 마음에 오래 남는다,87,64,91,93,grateful
698,요즘 오늘 하루가 너무 힘들었다 그래서 마음이 깊다,204,53,44,46,sad
699,빈 방에 있으니 쓸쓸하다 잊기 힘들다,218,55,37,32,lonely
700,친구들과 함께 웃으며 대화하니 즐겁다,53,80,100,91,happy
701,요즘 좋은 음악을 들으니 기운이 난다 잊기 힘들다,50,100,100,93,energetic
702,가끔 마음속이 공허하다 다시 생각난다,243,59,30,42,lonely
703,어제 촛불 불빛 속 대화가 따뜻하다 다시 생각난다,265,91,75,75,romantic
704,가끔 촛불 불빛 속 대화가 따뜻하다,276,97,85,75,romantic
705,요즘 촛불 불빛 속 대화가 따뜻하다 잊기 힘들다,279,98,95,63,romantic
706,가끔 밤공기를 마시며 걷자 차분해졌다 다시 생각난다,16,56,60,48,calm
707,요즘 약속을 지키지 않아 화가 난다,2,100,88,79,angry
708,가끔 작은 선물이 마음을 따뜻하게 했다,89,69,92,87,grateful
709,어제 마음이 무겁고 울적하다 그래서 마음이 깊다,224,75,37,55,sad
710,가끔 봄바람이 부는 길에서 손을 잡으니 행복하다 마음에 오래 남는다,266,100,85,63,romantic
711,어제 하루 종일 걸어 다리가 무겁다 마음에 오래 남는다,13,57,40,46,tired
712,어제 생각이 정리되어 선명하다,197,74,77,67,focused
713,오늘 일을 마치고 집에 오니 지쳐 쓰러질 것 같다 마음에 오래 남는다,17,45,54,38,tired
714,가끔 오늘 하루가 너무 힘들었다 그래서 마음이 깊다,201,53,41,33,sad
715,오늘 가족과 함께 저녁을 먹으니 행복하다 그래서 마음이 깊다,51,98,93,90,happy
716,어제 파도 소리가 마음을 차분하게 한다 마음에 오래 남는다,46,55,88,75,natural
717,어제 긴 하루가 끝나 몸이 나른하다 그래서 마음이 깊다,228,34,33,27,sleepy
718,요즘 오늘따라 연인이 더 사랑스럽다 마음에 오래 남는다,287,96,80,63,romantic
719,긴장감이 풀리자 피로가 몰려왔다 마음에 오래 남는다,37,57,51,31,tired
720,어제 좋은 소식을 들으니 마음이 밝다 그래서 마음이 깊다,45,83,96,92,happy
721,가끔 좋은 소식을 들으니 마음이 밝다 마음에 오래 남는다,80,99,90,77,happy
722,새소리가 귀에 맴돈다 마음에 오래 남는다,64,52,86,80,natural
723,흙냄새가 코끝을 스친다 그래서 마음이 깊다,70,48,79,72,natural
724,요즘 아침 공기를 마시며 달리니 상쾌하다 마음에 오래 남는다,75,97,100,99,energetic
725,어제 새 신발이 발을 조여 불편하다,7,53,24,28,uncomfortable
726,오늘 도움을 준 친구에게 고마움이 든다 그래서 마음이 깊다,101,60,86,80,grateful
727,오늘 아이들 웃음소리에 마음이 잔잔하다,28,54,44,52,calm
728,요즘 도움을 준 친구에게 고마움이 든다 그래서 마음이 깊다,71,74,83,80,grateful
729,어제 혼자 있는 시간이 길어져 외롭다 잊기 힘들다,243,53,37,27,lonely
730,응원의 말이 큰 힘이 된다 그래서 마음이 깊다,99,77,84,82,grateful
731,오늘 사람들이 떠나간 거리가 적막하다 그래서 마음이 깊다,236,62,41,25,lonely
732,요즘 몸이 축 처져 아무것도 하기 싫다 그래서 마음이 깊다,15,56,36,32,tired
733,오늘 가족의 배려가 감사하다 그래서 마음이 깊다,100,67,90,79,grateful
734,전화벨 소리에 가슴이 철렁한다 잊기 힘들다,199,67,46,47,anxious
735,어제 오늘따라 연인이 더 사랑스럽다,272,89,93,71,romantic
736,가끔 긴장감이 풀리자 피로가 몰려왔다 마음에 오래 남는다,27,54,46,41,tired
737,오늘 겨울 아침 담요 속이 따뜻하다 다시 생각난다,41,87,74,72,warm
738,요즘 가족의 배려가 감사하다 그래서 마음이 깊다,105,70,85,87,grateful
739,숲길을 걷자 마음이 맑아졌다 다시 생각난다,33,41,93,76,natural
740,잔잔한 음악이 흐르는 밤이 설렌다 다시 생각난다,276,91,75,67,romantic
741,말할 사람이 없어 허전하다 마음에 오래 남는다,234,66,45,31,lonely
742,아이들 웃음소리에 마음이 잔잔하다 마음에 오래 남는다,17,47,41,49,calm
743,오늘 햇살이 비추니 마음이 따뜻하다 그래서 마음이 깊다,21,91,90,57,warm
744,시험을 앞두고 집중이 잘 된다 그래서 마음이 깊다,196,87,71,64,focused
745,가끔 불합리한 상황이 반복되어 참기 어렵다 잊기 힘들다,352,100,78,67,angry
746,오늘 가족의 배려가 감사하다 마음에 오래 남는다,91,73,93,82,grateful
747,요즘 촛불 불빛 속 대화가 따뜻하다 그래서 마음이 깊다,285,99,77,65,romantic
748,긴장감이 풀리자 피로가 몰려왔다 그래서 마음이 깊다,15,44,47,42,tired
749,요즘 새벽까지 깨어 있어 머리가 무겁다 잊기 힘들다,207,27,17,38,sleepy
750,겨울 아침 담요 속이 따뜻하다 잊기 힘들다,18,95,81,74,warm
751,조용히 책을 읽으니 평온하다,63,46,48,46,calm
752,오늘 약속을 지키지 않아 화가 난다 잊기 힘들다,347,98,70,74,angry
753,일을 마치고 집에 오니 지쳐 쓰러질 것 같다 다시 생각난다,43,52,51,50,tired
754,어제 명상 속에서 마음이 안정된다 마음에 오래 남는다,39,52,50,47,calm
755,오늘 의자가 딱딱해 오래 앉기 힘들다 다시 생각난다,12,40,25,45,uncomfortable
756,오늘 밤새 잠을 설쳐 눈이 무겁다 그래서 마음이 깊다,206,33,22,38,sleepy
757,가족과 함께 있으니 포근하다 그래서 마음이 깊다,19,75,85,58,warm
758,도움을 준 친구에게 고마움이 든다 마음에 오래 남는다,89,78,92,82,grateful
759,전화벨 소리에 가슴이 철렁한다 마음에 오래 남는다,189,68,50,47,anxious
760,따뜻한 국을 먹으니 몸이 풀린다,45,82,89,60,warm
761,오늘 하루가 너무 힘들었다 잊기 힘들다,227,55,50,42,sad
762,오늘 버스가 그냥 지나가 화가 났다,350,100,88,83,angry
763,요즘 햇살이 비추니 마음이 따뜻하다 다시 생각난다,28,77,90,67,warm
764,어제 따뜻한 국을 먹으니 몸이 풀린다 그래서 마음이 깊다,44,88,74,71,warm
765,어제 아침 공기를 마시며 달리니 상쾌하다 그래서 마음이 깊다,65,97,100,92,energetic
766,어제 전화벨 소리에 가슴이 철렁한다 마음에 오래 남는다,191,69,62,42,anxious
767,어제 숲길을 걷자 마음이 맑아졌다 마음에 오래 남는다,67,52,86,83,natural
768,어제 마음속이 공허하다 다시 생각난다,237,58,34,27,lonely
769,오늘 몸이 축 처져 아무것도 하기 싫다,23,40,51,49,tired
770,어제 오늘 하루가 너무 힘들었다 다시 생각난다,221,55,44,34,sad
771,요즘 예상치 못한 상황에 긴장된다 잊기 힘들다,204,75,48,51,anxious
772,어제 회의가 길어져서 짜증이 났다 다시 생각난다,360,98,73,73,angry
773,가끔 봄 햇살을 맞으니 마음이 따뜻하다 다시 생각난다,73,82,99,93,happy
774,잔잔한 음악이 흐르는 밤이 설렌다 그래서 마음이 깊다,294,96,84,70,romantic
775,어제 버스가 그냥 지나가 화가 났다 잊기 힘들다,8,100,76,77,angry
776,오늘 작은 선물이 마음을 따뜻하게 했다,84,66,95,86,grateful
777,시험을 앞두고 집중이 잘 된다 잊기 힘들다,191,85,62,79,focused
778,응원의 말이 큰 힘이 된다,74,70,93,81,grateful
779,요즘 파도 소리가 마음을 차분하게 한다 잊기 힘들다,38,46,80,78,natural
780,오늘 혼자 있는 시간이 길어져 외롭다 잊기 힘들다,250,51,37,34,lonely
781,가끔 흙냄새가 코끝을 스친다 다시 생각난다,63,35,77,87,natural
782,가끔 햇살이 비추니 마음이 따뜻하다,27,86,90,70,warm
783,가끔 생각이 정리되어 선명하다,201,79,79,70,focused
784,요즘 마음속이 공허하다 그래서 마음이 깊다,217,57,26,32,lonely
785,가끔 별빛이 가득한 저녁이 낭만적이다,274,90,93,72,romantic
786,하루 종일 걸어 다리가 무겁다 마음에 오래 남는다,17,56,35,32,tired
787,가끔 사람들이 떠나간 거리가 적막하다 잊기 힘들다,217,51,26,44,lonely
788,어제 기대가 무너져 허탈하다 다시 생각난다,239,74,35,43,sad
789,오늘 기대가 무너져 허탈하다 그래서 마음이 깊다,212,52,32,25,sad
790,어제 좋은 음악을 들으니 기운이 난다 다시 생각난다,85,96,100,93,energetic
791,가끔 의자가 딱딱해 오래 앉기 힘들다 그래서 마음이 깊다,8,41,37,39,uncomfortable
792,가끔 새 신발이 발을 조여 불편하다 다시 생각난다,9,59,20,27,uncomfortable
793,응원의 말이 큰 힘이 된다 마음에 오래 남는다,85,69,93,88,grateful
794,요즘 명상 속에서 마음이 안정된다 잊기 힘들다,48,53,44,52,calm
795,오늘 내일 발표가 걱정되어 불안하다 마음에 오래 남는다,199,63,62,58,anxious
796,요즘 회의가 길어져서 짜증이 났다 그래서 마음이 깊다,12,95,75,79,angry
797,가끔 주변 소음이 거슬려 집중이 안 된다,8,58,24,32,uncomfortable
798,오늘 오늘 아침에 눈을 뜨자마자 기분이 상쾌했다,48,100,92,77,happy
799,오늘 혼자 남겨진 듯한 기분이 든다 다시 생각난다,235,58,50,50,sad
800,가끔 조용히 책을 읽으니 평온하다 마음에 오래 남는다,59,49,45,47,calm
801,어제 긴장감이 풀리자 피로가 몰려왔다 그래서 마음이 깊다,15,57,44,39,tired
802,가끔 조용한 방에서 글을 쓰다 보니 몰입한다 다시 생각난다,205,79,72,76,focused
803,어제 손을 잡으니 온기가 전해진다,38,82,90,60,warm
804,운동을 마치니 힘이 솟는다,52,100,100,96,energetic
805,오늘 억울한 말을 들어 속이 끓는다 그래서 마음이 깊다,9,100,72,77,angry
806,오늘 앞일을 생각하니 마음이 조급하다 그래서 마음이 깊다,197,67,52,51,anxious
807,가끔 손을 잡으니 온기가 전해진다 그래서 마음이 깊다,38,91,72,65,warm
808,요즘 호수 위의 달빛이 고요하다 다시 생각난다,43,56,46,48,calm
809,요즘 봄 햇살을 맞으니 마음이 따뜻하다 그래서 마음이 깊다,53,96,100,87,happy
810,요즘 마음속이 공허하다 다시 생각난다,240,64,34,43,lonely
811,오늘 연구에 몰두하니 시간 가는 줄 모른다 다시 생각난다,196,70,62,65,focused
812,어제 손을 잡으니 온기가 전해진다 마음에 오래 남는다,44,76,79,60,warm
813,어제 좋은 음악을 들으니 기운이 난다 그래서 마음이 깊다,86,99,98,97,energetic
814,가끔 오늘 사무실에서 너무 많은 일을 했다 다시 생각난다,18,56,40,40,tired
815,오늘 운동을 마치니 힘이 솟는다,62,98,97,99,energetic
816,오늘 새로운 도전을 하니 활력이 돈다 다시 생각난다,90,100,100,100,energetic
817,불합리한 상황이 반복되어 참기 어렵다 그래서 마음이 깊다,355,97,71,82,angry
818,어제 회의가 길어져서 짜증이 났다,12,97,81,70,angry
819,요즘 햇살이 나뭇잎 사이로 스며든다 마음에 오래 남는다,55,44,92,77,natural
820,책을 읽다 그대로 잠이 들었다 다시 생각난다,198,45,31,33,sleepy
821,오늘 파도 소리가 마음을 차분하게 한다,68,53,91,83,natural
822,가끔 조용한 방에서 글을 쓰다 보니 몰입한다 마음에 오래 남는다,212,89,78,76,focused
823,가끔 잊고 싶은 기억이 떠올랐다,230,47,34,44,sad
824,가끔 책을 읽다 그대로 잠이 들었다,227,25,27,40,sleepy
825,운동을 마치니 힘이 솟는다 잊기 힘들다,57,98,99,98,energetic
826,오늘 공기가 답답해 머리가 무겁다 잊기 힘들다,352,44,26,33,uncomfortable
827,요즘 오늘 사무실에서 너무 많은 일을 했다 마음에 오래 남는다,45,55,49,47,tired
828,명상 속에서 마음이 안정된다 다시 생각난다,18,58,48,46,calm
829,새벽까지 깨어 있어 머리가 무겁다,234,31,30,28,sleepy
830,오늘 주변 소음이 거슬려 집중이 안 된다 그래서 마음이 깊다,17,54,34,25,uncomfortable
831,어제 새벽까지 깨어 있어 머리가 무겁다 마음에 오래 남는다,213,40,22,20,sleepy
832,오늘 흙냄새가 코끝을 스친다 다시 생각난다,70,49,92,87,natural
833,가끔 억울한 말을 들어 속이 끓는다 다시 생각난다,355,100,83,70,angry
834,어제 내일 발표가 걱정되어 불안하다,214,60,63,41,anxious
835,오늘 사무실에서 너무 많은 일을 했다,31,43,51,35,tired
836,요즘 기다리는 동안 손이 떨린다 다시 생각난다,194,80,63,56,anxious
837,억울한 말을 들어 속이 끓는다 다시 생각난다,355,100,73,68,angry
838,요즘 연구에 몰두하니 시간 가는 줄 모른다 다시 생각난다,203,90,61,73,focused
839,가끔 작은 선물이 마음을 따뜻하게 했다 다시 생각난다,91,78,85,89,grateful
840,겨울 아침 담요 속이 따뜻하다,28,78,73,72,warm
841,가끔 책을 읽다 그대로 잠이 들었다 잊기 힘들다,196,37,24,39,sleepy
842,오늘 마음속이 공허하다,239,69,36,45,lonely
843,오늘 약속을 지키지 않아 화가 난다 다시 생각난다,352,97,88,68,angry
844,오늘 약속을 지키지 않아 화가 난다 그래서 마음이 깊다,354,100,78,82,angry
845,어제 새 신발이 발을 조여 불편하다 잊기 힘들다,20,59,33,29,uncomfortable
846,오늘 따뜻한 국을 먹으니 몸이 풀린다,22,82,89,61,warm
847,마음이 무겁고 울적하다 그래서 마음이 깊다,211,68,38,37,sad
848,숲길을 걷자 마음이 맑아졌다 마음에 오래 남는다,59,51,78,73,natural
849,가끔 오늘 아침에 눈을 뜨자마자 기분이 상쾌했다 그래서 마음이 깊다,72,84,99,79,happy
850,요즘 생각이 정리되어 선명하다 잊기 힘들다,192,84,69,79,focused
851,주변 소음이 거슬려 집중이 안 된다 그래서 마음이 깊다,29,55,40,44,uncomfortable
852,어제 숲길을 걷자 마음이 맑아졌다,59,48,81,80,natural
853,오늘 불합리한 상황이 반복되어 참기 어렵다 잊기 힘들다,354,99,72,67,angry
854,오늘 연구에 몰두하니 시간 가는 줄 모른다 잊기 힘들다,195,80,80,80,focused
855,주변 소음이 거슬려 집중이 안 된다 마음에 오래 남는다,15,40,23,34,uncomfortable
856,오늘 호수 위의 달빛이 고요하다 다시 생각난다,48,44,46,55,calm
857,생각이 정리되어 선명하다,196,83,63,60,focused
858,긴 하루가 끝나 몸이 나른하다 다시 생각난다,217,34,18,27,sleepy
859,좋은 소식을 들으니 마음이 밝다 그래서 마음이 깊다,77,80,93,95,happy
860,긴 하루가 끝나 몸이 나른하다 잊기 힘들다,187,27,22,25,sleepy
861,가끔 오늘 하루가 너무 힘들었다 다시 생각난다,226,67,40,44,sad
862,주변 소음이 거슬려 집중이 안 된다,11,40,28,32,uncomfortable
863,오늘 오늘따라 연인이 더 사랑스럽다 마음에 오래 남는다,287,87,94,74,romantic
864,오늘 버스가 그냥 지나가 화가 났다 잊기 힘들다,9,96,77,74,angry
865,어제 가족과 함께 있으니 포근하다 그래서 마음이 깊다,35,92,84,59,warm
866,오늘 가족의 배려가 감사하다 다시 생각난다,94,77,91,88,grateful
867,오늘 아이들 웃음소리에 마음이 잔잔하다 잊기 힘들다,38,51,42,52,calm
868,가끔 숲길을 걷자 마음이 맑아졌다 다시 생각난다,69,52,90,88,natural
869,요즘 혼자 남겨진 듯한 기분이 든다 마음에 오래 남는다,200,46,34,52,sad
870,가끔 공기가 답답해 머리가 무겁다 그래서 마음이 깊다,17,60,30,27,uncomfortable
871,가끔 마음속이 공허하다 잊기 힘들다,244,52,35,30,lonely
872,오늘 하루에 감사하다 마음에 오래 남는다,103,76,86,82,grateful
873,도움을 준 친구에게 고마움이 든다 그래서 마음이 깊다,84,61,98,77,grateful
874,가끔 아이들 웃음소리에 마음이 잔잔하다,35,64,58,53,calm
875,가끔 하루 종일 걸어 다리가 무겁다 그래서 마음이 깊다,35,43,49,33,tired
876,오늘 사무실에서 너무 많은 일을 했다 잊기 힘들다,11,47,36,32,tired
877,오늘 밤공기를 마시며 걷자 차분해졌다 마음에 오래 남는다,18,63,53,48,calm
878,오늘 눈이 따가워 집중하기 어렵다 잊기 힘들다,355,48,29,27,uncomfortable
879,가족과 함께 있으니 포근하다,37,80,88,73,warm
880,요즘 도움을 준 친구에게 고마움이 든다 잊기 힘들다,88,64,92,92,grateful
881,햇살이 나뭇잎 사이로 스며든다,61,44,83,85,natural
882,가끔 약속을 지키지 않아 화가 난다 잊기 힘들다,8,97,81,74,angry
883,오늘 파도 소리가 마음을 차분하게 한다 잊기 힘들다,65,55,88,86,natural
884,주변 소음이 거슬려 집중이 안 된다 다시 생각난다,13,51,36,28,uncomfortable
885,봄바람이 부는 길에서 손을 잡으니 행복하다 그래서 마음이 깊다,290,89,80,62,romantic
886,오늘 손을 잡으니 온기가 전해진다 잊기 힘들다,18,94,86,73,warm
887,오늘 작은 선물이 마음을 따뜻하게 했다 잊기 힘들다,107,78,86,93,grateful
888,빈 방에 있으니 쓸쓸하다,213,67,30,27,lonely
889,요즘 예상치 못한 상황에 긴장된다,202,74,65,52,anxious
890,긴장감이 풀리자 피로가 몰려왔다 다시 생각난다,12,52,35,48,tired
891,가끔 일을 마치고 집에 오니 지쳐 쓰러질 것 같다 다시 생각난다,20,48,54,39,tired
892,오늘 햇살이 비추니 마음이 따뜻하다,25,77,72,75,warm
893,요즘 오늘 하루에 감사하다,103,70,94,82,grateful
894,어제 말할 사람이 없어 허전하다 다시 생각난다,229,51,34,31,lonely
895,어제 눈이 따가워 집중하기 어렵다 다시 생각난다,357,48,36,43,uncomfortable
896,오늘 새벽까지 깨어 있어 머리가 무겁다 잊기 힘들다,234,33,21,36,sleepy
897,요즘 혼자 남겨진 듯한 기분이 든다 잊기 힘들다,235,75,44,50,sad
898,눈이 따가워 집중하기 어렵다 잊기 힘들다,360,41,22,41,uncomfortable
899,어제 전화벨 소리에 가슴이 철렁한다 그래서 마음이 깊다,182,66,62,51,anxious
900,어제 오늘 하루에 감사하다 그래서 마음이 깊다,105,80,91,81,grateful
901,밤공기를 마시며 걷자 차분해졌다 다시 생각난다,52,61,50,47,calm
902,햇살이 비추니 마음이 따뜻하다 잊기 힘들다,27,90,80,59,warm
903,요즘 오늘 하루가 너무 힘들었다,230,75,47,45,sad
904,가끔 오늘 사무실에서 너무 많은 일을 했다 마음에 오래 남는다,38,52,50,44,tired
905,요즘 별빛이 가득한 저녁이 낭만적이다,279,97,91,62,romantic
906,요즘 몸이 가벼워 에너지가 넘친다,65,100,95,97,energetic
907,파도 소리가 마음을 차분하게 한다 그래서 마음이 깊다,52,51,91,83,natural
908,몸이 가벼워 에너지가 넘친다 잊기 힘들다,64,100,99,99,energetic
909,햇살이 나뭇잎 사이로 스며든다 그래서 마음이 깊다,35,49,80,72,natural
910,어제 아이들 웃음소리에 마음이 잔잔하다 잊기 힘들다,25,52,54,64,calm
911,가끔 긴장감이 풀리자 피로가 몰려왔다,38,59,54,38,tired
912,봄 햇살을 맞으니 마음이 따뜻하다 다시 생각난다,78,98,98,89,happy
913,가끔 봄바람이 부는 길에서 손을 잡으니 행복하다 다시 생각난다,291,100,94,60,romantic
914,오늘 밤새 잠을 설쳐 눈이 무겁다 잊기 힘들다,204,32,25,26,sleepy
915,오늘 겨울 아침 담요 속이 따뜻하다 마음에 오래 남는다,30,88,79,57,warm
916,요즘 문제를 풀다 보니 집중이 깊어진다,201,75,79,80,focused
917,가끔 아침 공기를 마시며 달리니 상쾌하다,80,98,95,94,energetic
918,사람들이 떠나간 거리가 적막하다 마음에 오래 남는다,245,57,40,37,lonely
919,어제 오늘 아침에 눈을 뜨자마자 기분이 상쾌했다,48,84,98,89,happy
920,어제 명상 속에서 마음이 안정된다 잊기 힘들다,34,57,51,51,calm
921,요즘 겨울 아침 담요 속이 따뜻하다,18,77,87,64,warm
922,오늘 별빛이 가득한 저녁이 낭만적이다 잊기 힘들다,265,93,77,73,romantic
923,요즘 별빛이 가득한 저녁이 낭만적이다 잊기 힘들다,265,88,91,69,romantic
924,가끔 회의가 길어져서 짜증이 났다 마음에 오래 남는다,3,100,74,69,angry
925,오늘 몸이 가벼워 에너지가 넘친다 잊기 힘들다,61,96,99,95,energetic
926,오늘 몸이 축 처져 아무것도 하기 싫다 다시 생각난다,10,53,36,41,tired
927,어제 앞일을 생각하니 마음이 조급하다 마음에 오래 남는다,216,60,54,55,anxious
928,말할 사람이 없어 허전하다,243,60,37,42,lonely
929,가끔 숲길을 걷자 마음이 맑아졌다 그래서 마음이 깊다,45,45,84,77,natural
930,요즘 공기가 답답해 머리가 무겁다 잊기 힘들다,28,40,40,40,uncomfortable
931,어제 몸이 축 처져 아무것도 하기 싫다 다시 생각난다,34,58,47,40,tired
932,오늘 오늘 하루가 너무 힘들었다 그래서 마음이 깊다,230,51,49,40,sad
933,요즘 빈 방에 있으니 쓸쓸하다 마음에 오래 남는다,220,53,40,33,lonely
934,요즘 오늘 하루에 감사하다 다시 생각난다,88,78,91,84,grateful
935,요즘 일을 마치고 집에 오니 지쳐 쓰러질 것 같다 그래서 마음이 깊다,32,52,43,37,tired
936,어제 좋은 음악을 들으니 기운이 난다 잊기 힘들다,50,100,98,94,energetic
937,요즘 운동을 마치니 힘이 솟는다 잊기 힘들다,90,100,100,92,energetic
938,가끔 겨울 아침 담요 속이 따뜻하다 그래서 마음이 깊다,24,89,85,66,warm
939,가끔 작은 선물이 마음을 따뜻하게 했다 마음에 오래 남는다,106,73,96,92,grateful
940,어제 오늘 아침에 눈을 뜨자마자 기분이 상쾌했다 마음에 오래 남는다,75,85,94,77,happy
941,요즘 조용히 책을 읽으니 평온하다,57,62,52,53,calm
942,시험을 앞두고 집중이 잘 된다 마음에 오래 남는다,192,79,68,78,focused
943,호수 위의 달빛이 고요하다 그래서 마음이 깊다,18,64,55,57,calm
944,요즘 조용히 책을 읽으니 평온하다 잊기 힘들다,32,50,42,57,calm
945,어제 작은 선물이 마음을 따뜻하게 했다 잊기 힘들다,100,80,86,86,grateful
946,오늘 응원의 말이 큰 힘이 된다 잊기 힘들다,104,79,82,87,grateful
947,요즘 밤공기를 마시며 걷자 차분해졌다,33,66,48,46,calm
948,요즘 잊고 싶은 기억이 떠올랐다 다시 생각난다,238,46,32,26,sad
949,오늘 혼자 남겨진 듯한 기분이 든다 마음에 오래 남는다,219,51,47,30,sad
950,촛불 불빛 속 대화가 따뜻하다 마음에 오래 남는다,283,100,76,61,romantic
951,오늘 명상 속에서 마음이 안정된다,37,69,45,54,calm
952,요즘 밤새 잠을 설쳐 눈이 무겁다,185,41,23,36,sleepy
953,요즘 기대가 무너져 허탈하다,215,65,50,53,sad
954,따뜻한 국을 먹으니 몸이 풀린다 다시 생각난다,19,82,85,60,warm
955,오늘 아침에 눈을 뜨자마자 기분이 상쾌했다 마음에 오래 남는다,74,83,97,87,happy
956,요즘 눈이 따가워 집중하기 어렵다 마음에 오래 남는다,16,52,33,43,uncomfortable
957,요즘 조용히 책을 읽으니 평온하다 마음에 오래 남는다,58,69,43,53,calm
958,요즘 연구에 몰두하니 시간 가는 줄 모른다 잊기 힘들다,214,76,78,67,focused
959,오늘 점심을 먹고 나니 졸음이 쏟아진다 그래서 마음이 깊다,186,34,22,38,sleepy
960,가끔 도움을 준 친구에게 고마움이 든다,75,66,83,88,grateful
961,가끔 기대가 무너져 허탈하다,220,59,39,28,sad
962,가끔 오늘 사무실에서 너무 많은 일을 했다 잊기 힘들다,22,41,49,49,tired
963,가끔 촛불 불빛 속 대화가 따뜻하다 다시 생각난다,279,94,77,65,romantic
964,점심을 먹고 나니 졸음이 쏟아진다 그래서 마음이 깊다,231,36,19,38,sleepy
965,가끔 가족과 함께 저녁을 먹으니 행복하다 마음에 오래 남는다,53,81,88,87,happy
966,요즘 긴장감이 풀리자 피로가 몰려왔다 마음에 오래 남는다,49,41,52,41,tired
967,오늘 말할 사람이 없어 허전하다 다시 생각난다,233,55,33,27,lonely
968,하루 종일 걸어 다리가 무겁다 그래서 마음이 깊다,30,49,40,48,tired
969,요즘 잊고 싶은 기억이 떠올랐다,225,52,36,43,sad
970,어제 버스가 그냥 지나가 화가 났다 다시 생각난다,1,100,79,84,angry
971,요즘 새소리가 귀에 맴돈다 잊기 힘들다,45,41,87,78,natural
972,요즘 명상 속에서 마음이 안정된다,60,50,56,46,calm
973,가끔 밤새 잠을 설쳐 눈이 무겁다 다시 생각난다,191,32,17,32,sleepy
974,오늘 아침 공기를 마시며 달리니 상쾌하다 다시 생각난다,75,100,99,90,energetic
975,요즘 점심을 먹고 나니 졸음이 쏟아진다 그래서 마음이 깊다,232,43,22,26,sleepy
976,요즘 파도 소리가 마음을 차분하게 한다 다시 생각난다,33,54,77,79,natural
977,요즘 일을 마치고 집에 오니 지쳐 쓰러질 것 같다 마음에 오래 남는다,41,41,46,50,tired
978,어제 억울한 말을 들어 속이 끓는다,0,100,84,84,angry
979,가끔 오늘따라 연인이 더 사랑스럽다 마음에 오래 남는다,293,94,91,62,romantic
980,조용한 방에서 글을 쓰다 보니 몰입한다,208,84,75,64,focused
981,어제 점심을 먹고 나니 졸음이 쏟아진다 마음에 오래 남는다,228,39,24,31,sleepy
982,요즘 흙냄새가 코끝을 스친다 마음에 오래 남는다,43,39,79,79,natural
983,오늘 생각이 정리되어 선명하다,187,70,67,72,focused
984,오늘 밤공기를 마시며 걷자 차분해졌다 다시 생각난다,48,64,44,54,calm
985,어제 아이들 웃음소리에 마음이 잔잔하다,48,45,60,51,calm
986,가끔 응원의 말이 큰 힘이 된다,82,75,91,91,grateful
987,오늘 잔잔한 음악이 흐르는 밤이 설렌다 그래서 마음이 깊다,292,96,76,69,romantic
988,요즘 의자가 딱딱해 오래 앉기 힘들다 다시 생각난다,354,59,25,31,uncomfortable
989,가끔 봄바람이 부는 길에서 손을 잡으니 행복하다,284,95,94,78,romantic
990,점심을 먹고 나니 졸음이 쏟아진다 잊기 힘들다,208,25,30,40,sleepy
991,새벽까지 깨어 있어 머리가 무겁다 마음에 오래 남는다,216,34,18,36,sleepy
992,오늘 잊고 싶은 기억이 떠올랐다 다시 생각난다,226,57,32,28,sad
993,오늘 흙냄새가 코끝을 스친다,56,47,77,79,natural
994,가끔 불합리한 상황이 반복되어 참기 어렵다,360,100,76,74,angry
995,오늘 봄 햇살을 맞으니 마음이 따뜻하다 그래서 마음이 깊다,60,85,91,82,happy
996,작은 선물이 마음을 따뜻하게 했다,100,79,96,82,grateful
997,요즘 좋은 음악을 들으니 기운이 난다 마음에 오래 남는다,50,100,98,90,energetic
998,오늘 밤공기를 마시며 걷자 차분해졌다 잊기 힘들다,33,62,46,54,calm
999,요즘 밤공기를 마시며 걷자 차분해졌다 그래서 마음이 깊다,65,45,52,60,calm
1000,사람들이 떠나간 거리가 적막하다 잊기 힘들다,242,57,38,43,lonely
