utt_id,text,category,h,s,b,dimmer,tag
1,낭만적인 분위기로 보라색 켜줘,romantic,26,60,67,95,romantic
2,고요하게 낮춰줘,calm,313,78,47,25,calm
3,피곤해 불 꺼줘,sleepy,264,87,75,71,sleepy
4,활기차게 아침을 시작하고 싶어,energetic,153,60,21,87,energetic
5,오늘은 잔잔하고 조용하게,calm,46,80,79,49,calm
6,로맨틱하게 은은하게,romantic,30,90,23,45,romantic
7,오늘은 잔잔하고 조용하게,calm,223,56,49,25,calm
8,집중 모드로 선명하게,focused,226,37,70,96,focused
9,지쳐서 은은하게,tired,53,69,28,50,tired
10,분위기 있게 보라빛으로,romantic,66,62,100,21,romantic
11,좀 차갑게 집중할 수 있게,focused,54,77,53,76,focused
12,피곤해 불 꺼줘,sleepy,348,36,55,40,sleepy
13,기분이 상쾌해 밝게 해줘,happy,220,61,96,26,happy
14,좀 차갑게 집중할 수 있게,focused,186,64,85,52,focused
15,잠 와서 어둡게 해줘,sleepy,337,59,53,73,sleepy
16,고요하게 낮춰줘,calm,332,81,90,90,calm
17,너무 졸려 불 조금만 줄여줘,sleepy,1,97,35,49,sleepy
18,지쳐서 은은하게,tired,74,28,96,67,tired
19,편안하게 차분한 불빛으로,calm,241,48,73,29,calm
20,기분이 상쾌해 밝게 해줘,happy,334,66,42,78,happy
21,활기차게 아침을 시작하고 싶어,energetic,3,44,94,49,energetic
22,지쳐서 은은하게,tired,48,41,28,81,tired
23,고요하게 낮춰줘,calm,298,77,38,31,calm
24,차갑고 선명한 빛으로,focused,31,87,30,40,focused
25,편안하게 차분한 불빛으로,calm,262,73,75,93,calm
26,오늘은 잔잔하고 조용하게,calm,190,82,51,99,calm
27,마음이 답답하고 우울해,sad,217,80,45,46,sad
28,좀 차갑게 집중할 수 있게,focused,58,62,34,76,focused
29,오늘 기분이 너무 좋아 환하게 켜줘,happy,204,48,89,91,happy
30,잠 와서 어둡게 해줘,sleepy,178,36,53,91,sleepy
31,지쳐서 은은하게,tired,5,26,86,63,tired
32,고요하게 낮춰줘,calm,57,31,40,30,calm
33,피곤하니 잔잔한 빛으로,tired,210,56,89,67,tired
34,우울하니 파랗게,sad,99,48,45,62,sad
35,피곤하니 잔잔한 빛으로,tired,139,97,92,53,tired
36,피곤해 불 꺼줘,sleepy,21,33,50,44,sleepy
37,집중 모드로 선명하게,focused,197,37,21,97,focused
38,좀 차갑게 집중할 수 있게,focused,195,29,26,74,focused
39,기분이 상쾌해 밝게 해줘,happy,189,91,69,20,happy
40,즐거우니 불을 환하게,happy,184,82,77,49,happy
41,마음이 답답하고 우울해,sad,16,29,60,72,sad
42,오늘 기분이 너무 좋아 환하게 켜줘,happy,296,68,91,78,happy
43,피곤하니 잔잔한 빛으로,tired,47,45,46,55,tired
44,짜증나니까 빨갛게 바꿔,angry,229,97,88,86,angry
45,오늘은 좀 슬퍼 차갑게,sad,155,81,51,83,sad
46,은은하고 따뜻하게,warm,286,32,32,54,warm
47,우울하니 파랗게,sad,76,69,75,28,sad
48,즐거우니 불을 환하게,happy,147,46,20,85,happy
49,분노가 치밀어 붉게,angry,303,42,34,21,angry
50,마음이 답답하고 우울해,sad,317,92,24,32,sad
51,피곤해 불 꺼줘,sleepy,214,52,49,46,sleepy
52,지쳐서 은은하게,tired,38,90,44,98,tired
53,너무 졸려 불 조금만 줄여줘,sleepy,181,72,73,90,sleepy
54,즐거우니 불을 환하게,happy,187,20,60,87,happy
55,너무 피곤하니 부드럽게 해줘,tired,134,70,29,89,tired
56,오늘은 좀 슬퍼 차갑게,sad,61,37,54,65,sad
57,화가 나서 강렬하게,angry,43,50,49,23,angry
58,포근하게 해줘,warm,163,38,96,75,warm
59,피곤해 불 꺼줘,sleepy,191,84,34,84,sleepy
60,고요하게 낮춰줘,calm,175,67,39,28,calm
61,너무 졸려 불 조금만 줄여줘,sleepy,148,72,58,69,sleepy
62,낭만적인 분위기로 보라색 켜줘,romantic,228,78,23,21,romantic
63,집중 모드로 선명하게,focused,57,40,84,37,focused
64,짜증나니까 빨갛게 바꿔,angry,304,34,24,65,angry
65,우울하니 파랗게,sad,83,89,79,100,sad
66,화가 나서 강렬하게,angry,274,27,25,58,angry
67,마음이 답답하고 우울해,sad,62,36,40,20,sad
68,오늘 기분이 너무 좋아 환하게 켜줘,happy,317,46,88,32,happy
69,분노가 치밀어 붉게,angry,220,25,56,34,angry
70,로맨틱하게 은은하게,romantic,152,36,27,89,romantic
71,좀 차갑게 집중할 수 있게,focused,169,60,77,68,focused
72,화가 나서 강렬하게,angry,354,59,72,44,angry
73,집중 모드로 선명하게,focused,222,40,63,66,focused
74,따뜻한 느낌으로 편안하게,warm,231,53,70,58,warm
75,즐거우니 불을 환하게,happy,259,99,38,48,happy
76,힘차게 켜줘,energetic,79,21,33,28,energetic
77,고요하게 낮춰줘,calm,322,33,86,51,calm
78,로맨틱하게 은은하게,romantic,316,50,27,28,romantic
79,차갑고 선명한 빛으로,focused,316,70,85,26,focused
80,차갑고 선명한 빛으로,focused,117,56,36,26,focused
81,너무 피곤하니 부드럽게 해줘,tired,251,67,70,85,tired
82,기분이 상쾌해 밝게 해줘,happy,105,79,58,35,happy
83,로맨틱하게 은은하게,romantic,23,34,50,86,romantic
84,은은하고 따뜻하게,warm,165,92,63,30,warm
85,오늘은 잔잔하고 조용하게,calm,288,83,91,67,calm
86,기분이 상쾌해 밝게 해줘,happy,137,74,34,20,happy
87,분노가 치밀어 붉게,angry,330,97,97,92,angry
88,너무 피곤하니 부드럽게 해줘,tired,293,56,83,60,tired
89,짜증나니까 빨갛게 바꿔,angry,12,43,86,94,angry
90,분노가 치밀어 붉게,angry,275,20,46,57,angry
91,집중 모드로 선명하게,focused,327,42,86,26,focused
92,짜증나니까 빨갛게 바꿔,angry,100,94,31,65,angry
93,잠 와서 어둡게 해줘,sleepy,286,97,30,57,sleepy
94,피곤해 불 꺼줘,sleepy,130,63,76,20,sleepy
95,편안하게 차분한 불빛으로,calm,126,75,65,90,calm
96,너무 피곤하니 부드럽게 해줘,tired,116,63,41,58,tired
97,활기차게 아침을 시작하고 싶어,energetic,73,27,41,70,energetic
98,잠 와서 어둡게 해줘,sleepy,163,89,87,80,sleepy
99,분노가 치밀어 붉게,angry,1,44,25,39,angry
100,분위기 있게 보라빛으로,romantic,223,73,44,68,romantic
101,우울하니 파랗게,sad,33,62,63,52,sad
102,활기차게 아침을 시작하고 싶어,energetic,201,98,53,83,energetic
103,편안하게 차분한 불빛으로,calm,0,54,27,77,calm
104,차갑고 선명한 빛으로,focused,289,22,76,70,focused
105,기분이 상쾌해 밝게 해줘,happy,249,32,55,47,happy
106,고요하게 낮춰줘,calm,31,40,40,64,calm
107,너무 피곤하니 부드럽게 해줘,tired,227,41,98,86,tired
108,오늘은 좀 슬퍼 차갑게,sad,158,32,52,75,sad
109,너무 피곤하니 부드럽게 해줘,tired,115,90,60,73,tired
110,너무 피곤하니 부드럽게 해줘,tired,264,99,50,41,tired
111,짜증나니까 빨갛게 바꿔,angry,150,68,30,58,angry
112,즐거우니 불을 환하게,happy,344,39,56,61,happy
113,힘차게 켜줘,energetic,58,20,28,88,energetic
114,에너지 넘치게 환하게,energetic,326,97,85,81,energetic
115,로맨틱하게 은은하게,romantic,281,60,64,53,romantic
116,좀 차갑게 집중할 수 있게,focused,311,79,92,97,focused
117,집중 모드로 선명하게,focused,258,80,43,74,focused
118,에너지 넘치게 환하게,energetic,249,37,98,46,energetic
119,에너지 넘치게 환하게,energetic,82,90,93,76,energetic
120,마음이 답답하고 우울해,sad,81,76,54,42,sad
121,오늘 기분이 너무 좋아 환하게 켜줘,happy,18,21,21,29,happy
122,활기차게 아침을 시작하고 싶어,energetic,96,73,29,44,energetic
123,오늘은 좀 슬퍼 차갑게,sad,117,72,22,69,sad
124,잠 와서 어둡게 해줘,sleepy,212,65,51,29,sleepy
125,너무 피곤하니 부드럽게 해줘,tired,255,41,74,39,tired
126,오늘은 좀 슬퍼 차갑게,sad,211,31,22,67,sad
127,분위기 있게 보라빛으로,romantic,72,94,85,60,romantic
128,즐거우니 불을 환하게,happy,286,82,83,21,happy
129,지쳐서 은은하게,tired,19,58,98,55,tired
130,분노가 치밀어 붉게,angry,333,57,69,47,angry
131,에너지 넘치게 환하게,energetic,298,64,95,25,energetic
132,오늘 기분이 너무 좋아 환하게 켜줘,happy,130,46,24,69,happy
133,너무 피곤하니 부드럽게 해줘,tired,139,35,100,33,tired
134,지쳐서 은은하게,tired,288,85,40,91,tired
135,에너지 넘치게 환하게,energetic,291,41,74,40,energetic
136,마음이 답답하고 우울해,sad,85,78,22,67,sad
137,화가 나서 강렬하게,angry,341,22,37,26,angry
138,마음이 답답하고 우울해,sad,179,23,99,82,sad
139,마음이 답답하고 우울해,sad,244,44,86,90,sad
140,오늘은 좀 슬퍼 차갑게,sad,349,30,76,94,sad
141,좀 차갑게 집중할 수 있게,focused,65,98,36,71,focused
142,낭만적인 분위기로 보라색 켜줘,romantic,306,50,69,63,romantic
143,오늘은 좀 슬퍼 차갑게,sad,162,49,43,66,sad
144,분위기 있게 보라빛으로,romantic,46,75,31,62,romantic
145,분노가 치밀어 붉게,angry,6,30,30,65,angry
146,오늘은 좀 슬퍼 차갑게,sad,241,47,98,76,sad
147,은은하고 따뜻하게,warm,313,36,77,40,warm
148,힘차게 켜줘,energetic,246,57,42,80,energetic
149,화가 나서 강렬하게,angry,356,36,25,82,angry
150,은은하고 따뜻하게,warm,283,73,33,85,warm
151,잠 와서 어둡게 해줘,sleepy,255,26,52,99,sleepy
152,집중 모드로 선명하게,focused,317,82,57,63,focused
153,오늘은 좀 슬퍼 차갑게,sad,7,45,64,22,sad
154,집중 모드로 선명하게,focused,28,56,56,43,focused
155,오늘은 좀 슬퍼 차갑게,sad,148,49,52,34,sad
156,오늘은 좀 슬퍼 차갑게,sad,41,80,26,63,sad
157,분위기 있게 보라빛으로,romantic,54,42,66,82,romantic
158,분위기 있게 보라빛으로,romantic,5,61,50,65,romantic
159,포근하게 해줘,warm,80,67,53,34,warm
160,짜증나니까 빨갛게 바꿔,angry,13,41,25,35,angry
161,따뜻한 느낌으로 편안하게,warm,238,39,90,38,warm
162,분위기 있게 보라빛으로,romantic,200,57,54,76,romantic
163,잠 와서 어둡게 해줘,sleepy,340,65,75,45,sleepy
164,오늘은 좀 슬퍼 차갑게,sad,268,67,75,20,sad
165,즐거우니 불을 환하게,happy,291,65,31,86,happy
166,은은하고 따뜻하게,warm,78,21,76,99,warm
167,즐거우니 불을 환하게,happy,78,82,67,89,happy
168,마음이 답답하고 우울해,sad,150,69,47,76,sad
169,즐거우니 불을 환하게,happy,103,54,83,30,happy
170,고요하게 낮춰줘,calm,161,23,71,56,calm
171,분노가 치밀어 붉게,angry,331,46,39,21,angry
172,차갑고 선명한 빛으로,focused,271,98,27,94,focused
173,피곤하니 잔잔한 빛으로,tired,300,47,27,80,tired
174,분위기 있게 보라빛으로,romantic,168,33,96,94,romantic
175,화가 나서 강렬하게,angry,188,72,37,38,angry
176,우울하니 파랗게,sad,180,75,50,87,sad
177,즐거우니 불을 환하게,happy,102,83,100,30,happy
178,에너지 넘치게 환하게,energetic,54,37,47,40,energetic
179,로맨틱하게 은은하게,romantic,342,86,91,66,romantic
180,고요하게 낮춰줘,calm,119,68,79,46,calm
181,화가 나서 강렬하게,angry,264,93,63,98,angry
182,낭만적인 분위기로 보라색 켜줘,romantic,297,91,36,94,romantic
183,잠 와서 어둡게 해줘,sleepy,147,97,98,98,sleepy
184,즐거우니 불을 환하게,happy,351,70,47,20,happy
185,오늘은 좀 슬퍼 차갑게,sad,322,36,78,35,sad
186,좀 차갑게 집중할 수 있게,focused,143,95,99,31,focused
187,우울하니 파랗게,sad,200,81,31,63,sad
188,집중 모드로 선명하게,focused,262,68,37,29,focused
189,은은하고 따뜻하게,warm,349,88,34,51,warm
190,포근하게 해줘,warm,227,40,29,60,warm
191,분위기 있게 보라빛으로,romantic,222,57,94,40,romantic
192,오늘 기분이 너무 좋아 환하게 켜줘,happy,147,43,45,54,happy
193,오늘은 잔잔하고 조용하게,calm,87,50,37,94,calm
194,분노가 치밀어 붉게,angry,180,69,82,22,angry
195,마음이 답답하고 우울해,sad,343,100,21,20,sad
196,즐거우니 불을 환하게,happy,310,74,85,21,happy
197,피곤해 불 꺼줘,sleepy,329,36,66,98,sleepy
198,낭만적인 분위기로 보라색 켜줘,romantic,137,29,51,60,romantic
199,에너지 넘치게 환하게,energetic,34,74,51,87,energetic
200,편안하게 차분한 불빛으로,calm,256,56,85,52,calm
201,집중 모드로 선명하게,focused,203,79,38,59,focused
202,즐거우니 불을 환하게,happy,291,64,48,61,happy
203,우울하니 파랗게,sad,262,33,91,55,sad
204,고요하게 낮춰줘,calm,331,64,80,68,calm
205,집중 모드로 선명하게,focused,175,64,39,24,focused
206,잠 와서 어둡게 해줘,sleepy,103,41,86,93,sleepy
207,집중 모드로 선명하게,focused,68,30,79,37,focused
208,힘차게 켜줘,energetic,208,93,99,44,energetic
209,오늘은 잔잔하고 조용하게,calm,358,44,23,64,calm
210,너무 졸려 불 조금만 줄여줘,sleepy,353,25,82,48,sleepy
211,피곤해 불 꺼줘,sleepy,13,67,23,42,sleepy
212,분노가 치밀어 붉게,angry,295,52,48,92,angry
213,차갑고 선명한 빛으로,focused,344,67,79,68,focused
214,분노가 치밀어 붉게,angry,85,49,38,66,angry
215,오늘은 잔잔하고 조용하게,calm,240,88,96,62,calm
216,기분이 상쾌해 밝게 해줘,happy,110,82,68,96,happy
217,너무 졸려 불 조금만 줄여줘,sleepy,171,85,24,88,sleepy
218,분노가 치밀어 붉게,angry,99,59,27,25,angry
219,좀 차갑게 집중할 수 있게,focused,286,82,52,72,focused
220,화가 나서 강렬하게,angry,341,53,80,75,angry
221,에너지 넘치게 환하게,energetic,132,78,52,66,energetic
222,화가 나서 강렬하게,angry,87,85,54,28,angry
223,우울하니 파랗게,sad,309,52,90,33,sad
224,은은하고 따뜻하게,warm,23,95,98,69,warm
225,짜증나니까 빨갛게 바꿔,angry,85,96,51,41,angry
226,짜증나니까 빨갛게 바꿔,angry,307,24,50,61,angry
227,짜증나니까 빨갛게 바꿔,angry,349,82,85,81,angry
228,집중 모드로 선명하게,focused,140,36,41,85,focused
229,편안하게 차분한 불빛으로,calm,78,46,51,21,calm
230,너무 피곤하니 부드럽게 해줘,tired,324,35,62,29,tired
231,고요하게 낮춰줘,calm,160,52,36,42,calm
232,은은하고 따뜻하게,warm,350,100,20,93,warm
233,포근하게 해줘,warm,211,65,75,98,warm
234,피곤해 불 꺼줘,sleepy,39,73,70,42,sleepy
235,짜증나니까 빨갛게 바꿔,angry,232,82,91,60,angry
236,차갑고 선명한 빛으로,focused,321,73,30,91,focused
237,낭만적인 분위기로 보라색 켜줘,romantic,184,95,50,87,romantic
238,힘차게 켜줘,energetic,222,28,76,35,energetic
239,분노가 치밀어 붉게,angry,275,100,92,90,angry
240,너무 졸려 불 조금만 줄여줘,sleepy,151,36,80,78,sleepy
241,로맨틱하게 은은하게,romantic,270,88,71,51,romantic
242,피곤하니 잔잔한 빛으로,tired,127,100,48,64,tired
243,고요하게 낮춰줘,calm,12,92,55,31,calm
244,낭만적인 분위기로 보라색 켜줘,romantic,21,65,88,87,romantic
245,기분이 상쾌해 밝게 해줘,happy,50,77,27,64,happy
246,피곤하니 잔잔한 빛으로,tired,200,25,68,77,tired
247,마음이 답답하고 우울해,sad,214,83,77,57,sad
248,분위기 있게 보라빛으로,romantic,270,43,72,64,romantic
249,포근하게 해줘,warm,306,76,37,77,warm
250,로맨틱하게 은은하게,romantic,212,89,92,46,romantic
251,오늘은 좀 슬퍼 차갑게,sad,102,34,43,37,sad
252,에너지 넘치게 환하게,energetic,43,65,79,58,energetic
253,피곤해 불 꺼줘,sleepy,54,30,77,69,sleepy
254,로맨틱하게 은은하게,romantic,203,89,91,75,romantic
255,오늘은 좀 슬퍼 차갑게,sad,167,61,90,23,sad
256,마음이 답답하고 우울해,sad,236,28,64,40,sad
257,너무 졸려 불 조금만 줄여줘,sleepy,157,87,28,90,sleepy
258,오늘은 잔잔하고 조용하게,calm,280,79,52,47,calm
259,포근하게 해줘,warm,108,95,63,79,warm
260,피곤해 불 꺼줘,sleepy,86,68,34,76,sleepy
261,지쳐서 은은하게,tired,142,38,76,31,tired
262,잠 와서 어둡게 해줘,sleepy,208,66,82,88,sleepy
263,힘차게 켜줘,energetic,211,63,83,27,energetic
264,피곤하니 잔잔한 빛으로,tired,249,49,84,86,tired
265,편안하게 차분한 불빛으로,calm,138,46,47,36,calm
266,기분이 상쾌해 밝게 해줘,happy,209,69,49,48,happy
267,로맨틱하게 은은하게,romantic,225,90,95,78,romantic
268,로맨틱하게 은은하게,romantic,304,54,59,76,romantic
269,좀 차갑게 집중할 수 있게,focused,101,22,73,36,focused
270,집중 모드로 선명하게,focused,144,20,20,81,focused
271,즐거우니 불을 환하게,happy,49,66,45,25,happy
272,편안하게 차분한 불빛으로,calm,196,33,94,69,calm
273,마음이 답답하고 우울해,sad,0,24,46,28,sad
274,낭만적인 분위기로 보라색 켜줘,romantic,156,27,36,49,romantic
275,좀 차갑게 집중할 수 있게,focused,68,37,45,39,focused
276,포근하게 해줘,warm,187,63,20,54,warm
277,우울하니 파랗게,sad,91,44,73,65,sad
278,지쳐서 은은하게,tired,291,30,49,30,tired
279,너무 피곤하니 부드럽게 해줘,tired,334,78,50,91,tired
280,피곤하니 잔잔한 빛으로,tired,129,58,53,33,tired
281,짜증나니까 빨갛게 바꿔,angry,198,90,92,53,angry
282,힘차게 켜줘,energetic,237,48,53,29,energetic
283,힘차게 켜줘,energetic,235,49,29,46,energetic
284,너무 피곤하니 부드럽게 해줘,tired,304,34,78,75,tired
285,로맨틱하게 은은하게,romantic,358,85,21,23,romantic
286,낭만적인 분위기로 보라색 켜줘,romantic,344,22,89,89,romantic
287,오늘은 좀 슬퍼 차갑게,sad,240,25,71,48,sad
288,마음이 답답하고 우울해,sad,42,52,67,96,sad
289,마음이 답답하고 우울해,sad,215,28,82,44,sad
290,편안하게 차분한 불빛으로,calm,108,85,93,52,calm
291,지쳐서 은은하게,tired,268,89,56,68,tired
292,좀 차갑게 집중할 수 있게,focused,226,69,78,65,focused
293,짜증나니까 빨갛게 바꿔,angry,64,40,58,59,angry
294,피곤해 불 꺼줘,sleepy,336,22,20,74,sleepy
295,우울하니 파랗게,sad,111,92,24,67,sad
296,분노가 치밀어 붉게,angry,263,99,95,32,angry
297,피곤해 불 꺼줘,sleepy,76,59,78,32,sleepy
298,활기차게 아침을 시작하고 싶어,energetic,137,59,42,94,energetic
299,은은하고 따뜻하게,warm,208,98,90,37,warm
300,오늘 기분이 너무 좋아 환하게 켜줘,happy,8,32,61,91,happy
301,활기차게 아침을 시작하고 싶어,energetic,267,31,61,94,energetic
302,은은하고 따뜻하게,warm,153,68,88,39,warm
303,집중 모드로 선명하게,focused,6,38,77,64,focused
304,오늘은 잔잔하고 조용하게,calm,360,69,70,66,calm
305,잠 와서 어둡게 해줘,sleepy,13,41,47,75,sleepy
306,오늘은 좀 슬퍼 차갑게,sad,337,31,37,34,sad
307,고요하게 낮춰줘,calm,238,20,22,28,calm
308,로맨틱하게 은은하게,romantic,46,91,36,98,romantic
309,지쳐서 은은하게,tired,130,79,34,45,tired
310,좀 차갑게 집중할 수 있게,focused,304,68,30,37,focused
311,낭만적인 분위기로 보라색 켜줘,romantic,280,88,41,46,romantic
312,좀 차갑게 집중할 수 있게,focused,310,64,65,60,focused
313,낭만적인 분위기로 보라색 켜줘,romantic,263,77,80,23,romantic
314,힘차게 켜줘,energetic,206,32,42,82,energetic
315,우울하니 파랗게,sad,63,55,86,64,sad
316,힘차게 켜줘,energetic,22,96,100,86,energetic
317,집중 모드로 선명하게,focused,281,50,94,94,focused
318,너무 졸려 불 조금만 줄여줘,sleepy,149,72,33,44,sleepy
319,집중 모드로 선명하게,focused,295,55,38,38,focused
320,피곤하니 잔잔한 빛으로,tired,331,64,89,64,tired
321,집중 모드로 선명하게,focused,54,20,95,94,focused
322,기분이 상쾌해 밝게 해줘,happy,252,59,60,30,happy
323,은은하고 따뜻하게,warm,3,47,28,79,warm
324,분위기 있게 보라빛으로,romantic,48,47,26,29,romantic
325,화가 나서 강렬하게,angry,256,35,40,81,angry
326,편안하게 차분한 불빛으로,calm,360,72,61,27,calm
327,집중 모드로 선명하게,focused,108,73,38,43,focused
328,피곤해 불 꺼줘,sleepy,305,48,68,57,sleepy
329,에너지 넘치게 환하게,energetic,199,54,38,27,energetic
330,너무 졸려 불 조금만 줄여줘,sleepy,157,91,21,37,sleepy
331,낭만적인 분위기로 보라색 켜줘,romantic,228,91,36,52,romantic
332,잠 와서 어둡게 해줘,sleepy,42,74,69,97,sleepy
333,너무 피곤하니 부드럽게 해줘,tired,259,93,78,95,tired
334,너무 피곤하니 부드럽게 해줘,tired,238,64,90,62,tired
335,힘차게 켜줘,energetic,77,30,61,88,energetic
336,차갑고 선명한 빛으로,focused,43,57,52,63,focused
337,너무 피곤하니 부드럽게 해줘,tired,90,44,55,92,tired
338,분노가 치밀어 붉게,angry,14,81,100,43,angry
339,오늘은 좀 슬퍼 차갑게,sad,333,56,40,48,sad
340,기분이 상쾌해 밝게 해줘,happy,81,81,98,78,happy
341,오늘은 좀 슬퍼 차갑게,sad,356,64,62,49,sad
342,피곤해 불 꺼줘,sleepy,100,49,75,60,sleepy
343,따뜻한 느낌으로 편안하게,warm,41,80,75,86,warm
344,좀 차갑게 집중할 수 있게,focused,360,91,76,88,focused
345,낭만적인 분위기로 보라색 켜줘,romantic,260,73,39,42,romantic
346,분노가 치밀어 붉게,angry,261,67,49,41,angry
347,차갑고 선명한 빛으로,focused,91,84,70,41,focused
348,은은하고 따뜻하게,warm,188,68,52,42,warm
349,너무 피곤하니 부드럽게 해줘,tired,182,94,40,93,tired
350,지쳐서 은은하게,tired,86,33,80,67,tired
351,따뜻한 느낌으로 편안하게,warm,4,76,28,21,warm
352,우울하니 파랗게,sad,35,64,23,73,sad
353,짜증나니까 빨갛게 바꿔,angry,269,81,23,80,angry
354,오늘 기분이 너무 좋아 환하게 켜줘,happy,203,44,26,53,happy
355,마음이 답답하고 우울해,sad,55,73,22,86,sad
356,잠 와서 어둡게 해줘,sleepy,6,49,25,28,sleepy
357,너무 졸려 불 조금만 줄여줘,sleepy,298,60,28,41,sleepy
358,차갑고 선명한 빛으로,focused,109,20,45,58,focused
359,고요하게 낮춰줘,calm,191,47,78,61,calm
360,분노가 치밀어 붉게,angry,224,57,51,32,angry
361,너무 졸려 불 조금만 줄여줘,sleepy,46,54,74,24,sleepy
362,에너지 넘치게 환하게,energetic,83,57,55,92,energetic
363,분위기 있게 보라빛으로,romantic,63,48,75,46,romantic
364,분위기 있게 보라빛으로,romantic,334,63,55,32,romantic
365,낭만적인 분위기로 보라색 켜줘,romantic,23,22,88,71,romantic
366,오늘은 좀 슬퍼 차갑게,sad,333,71,54,46,sad
367,잠 와서 어둡게 해줘,sleepy,350,57,50,98,sleepy
368,오늘은 좀 슬퍼 차갑게,sad,304,99,44,59,sad
369,너무 피곤하니 부드럽게 해줘,tired,16,25,34,65,tired
370,편안하게 차분한 불빛으로,calm,44,78,97,40,calm
371,따뜻한 느낌으로 편안하게,warm,69,41,31,99,warm
372,피곤하니 잔잔한 빛으로,tired,265,81,84,31,tired
373,힘차게 켜줘,energetic,269,99,47,55,energetic
374,화가 나서 강렬하게,angry,184,44,26,86,angry
375,오늘은 잔잔하고 조용하게,calm,134,81,90,37,calm
376,분노가 치밀어 붉게,angry,90,23,28,100,angry
377,포근하게 해줘,warm,98,96,39,31,warm
378,로맨틱하게 은은하게,romantic,290,79,84,56,romantic
379,너무 졸려 불 조금만 줄여줘,sleepy,137,81,48,44,sleepy
380,힘차게 켜줘,energetic,95,54,94,63,energetic
381,따뜻한 느낌으로 편안하게,warm,4,34,21,39,warm
382,오늘 기분이 너무 좋아 환하게 켜줘,happy,351,64,35,52,happy
383,너무 피곤하니 부드럽게 해줘,tired,221,73,69,50,tired
384,힘차게 켜줘,energetic,42,79,82,22,energetic
385,지쳐서 은은하게,tired,136,49,72,21,tired
386,화가 나서 강렬하게,angry,9,36,76,33,angry
387,즐거우니 불을 환하게,happy,354,63,85,95,happy
388,피곤하니 잔잔한 빛으로,tired,191,90,40,53,tired
389,차갑고 선명한 빛으로,focused,217,73,28,29,focused
390,지쳐서 은은하게,tired,65,75,52,47,tired
391,낭만적인 분위기로 보라색 켜줘,romantic,302,37,58,92,romantic
392,오늘 기분이 너무 좋아 환하게 켜줘,happy,205,74,83,65,happy
393,잠 와서 어둡게 해줘,sleepy,355,66,25,34,sleepy
394,편안하게 차분한 불빛으로,calm,297,31,36,73,calm
395,힘차게 켜줘,energetic,275,70,67,34,energetic
396,활기차게 아침을 시작하고 싶어,energetic,42,37,22,75,energetic
397,잠 와서 어둡게 해줘,sleepy,117,39,100,43,sleepy
398,오늘은 잔잔하고 조용하게,calm,255,69,60,94,calm
399,오늘은 잔잔하고 조용하게,calm,205,31,67,72,calm
400,마음이 답답하고 우울해,sad,267,94,21,63,sad
401,오늘 기분이 너무 좋아 환하게 켜줘,happy,134,44,87,27,happy
402,즐거우니 불을 환하게,happy,192,28,81,20,happy
403,기분이 상쾌해 밝게 해줘,happy,60,79,45,78,happy
404,화가 나서 강렬하게,angry,311,51,56,57,angry
405,우울하니 파랗게,sad,360,100,59,61,sad
406,즐거우니 불을 환하게,happy,208,55,52,72,happy
407,차갑고 선명한 빛으로,focused,106,97,94,61,focused
408,분위기 있게 보라빛으로,romantic,23,27,38,79,romantic
409,편안하게 차분한 불빛으로,calm,214,100,66,100,calm
410,오늘은 잔잔하고 조용하게,calm,291,26,80,36,calm
411,피곤해 불 꺼줘,sleepy,264,42,74,83,sleepy
412,너무 피곤하니 부드럽게 해줘,tired,312,35,91,43,tired
413,너무 피곤하니 부드럽게 해줘,tired,177,65,67,82,tired
414,너무 피곤하니 부드럽게 해줘,tired,2,41,53,97,tired
415,지쳐서 은은하게,tired,227,77,38,36,tired
416,포근하게 해줘,warm,88,50,68,31,warm
417,로맨틱하게 은은하게,romantic,192,29,65,95,romantic
418,좀 차갑게 집중할 수 있게,focused,49,63,80,70,focused
419,집중 모드로 선명하게,focused,174,50,77,36,focused
420,집중 모드로 선명하게,focused,349,97,30,86,focused
421,에너지 넘치게 환하게,energetic,242,92,99,35,energetic
422,은은하고 따뜻하게,warm,320,96,80,100,warm
423,포근하게 해줘,warm,234,33,42,56,warm
424,편안하게 차분한 불빛으로,calm,220,47,43,84,calm
425,분위기 있게 보라빛으로,romantic,301,55,35,65,romantic
426,편안하게 차분한 불빛으로,calm,341,97,32,47,calm
427,기분이 상쾌해 밝게 해줘,happy,10,84,47,89,happy
428,너무 피곤하니 부드럽게 해줘,tired,306,63,78,75,tired
429,고요하게 낮춰줘,calm,305,88,66,78,calm
430,우울하니 파랗게,sad,40,78,34,87,sad
431,즐거우니 불을 환하게,happy,38,36,54,54,happy
432,오늘 기분이 너무 좋아 환하게 켜줘,happy,89,85,50,56,happy
433,편안하게 차분한 불빛으로,calm,319,76,84,67,calm
434,로맨틱하게 은은하게,romantic,248,93,40,58,romantic
435,너무 졸려 불 조금만 줄여줘,sleepy,270,78,73,54,sleepy
436,피곤하니 잔잔한 빛으로,tired,221,88,76,74,tired
437,즐거우니 불을 환하게,happy,224,57,50,56,happy
438,힘차게 켜줘,energetic,246,100,64,100,energetic
439,오늘은 좀 슬퍼 차갑게,sad,283,66,48,92,sad
440,힘차게 켜줘,energetic,331,49,45,51,energetic
441,피곤하니 잔잔한 빛으로,tired,173,32,37,81,tired
442,오늘 기분이 너무 좋아 환하게 켜줘,happy,5,55,62,29,happy
443,편안하게 차분한 불빛으로,calm,27,38,22,38,calm
444,오늘은 좀 슬퍼 차갑게,sad,42,66,90,26,sad
445,오늘 기분이 너무 좋아 환하게 켜줘,happy,318,57,42,59,happy
446,은은하고 따뜻하게,warm,316,81,47,49,warm
447,힘차게 켜줘,energetic,141,87,72,21,energetic
448,은은하고 따뜻하게,warm,173,32,80,86,warm
449,피곤해 불 꺼줘,sleepy,93,31,30,99,sleepy
450,피곤해 불 꺼줘,sleepy,223,57,38,62,sleepy
451,에너지 넘치게 환하게,energetic,230,100,77,59,energetic
452,포근하게 해줘,warm,216,90,39,88,warm
453,포근하게 해줘,warm,202,65,94,28,warm
454,너무 피곤하니 부드럽게 해줘,tired,214,82,100,92,tired
455,즐거우니 불을 환하게,happy,149,95,37,46,happy
456,편안하게 차분한 불빛으로,calm,186,72,89,50,calm
457,힘차게 켜줘,energetic,316,37,45,72,energetic
458,고요하게 낮춰줘,calm,164,77,72,95,calm
459,너무 졸려 불 조금만 줄여줘,sleepy,59,39,72,69,sleepy
460,잠 와서 어둡게 해줘,sleepy,161,54,52,93,sleepy
461,로맨틱하게 은은하게,romantic,304,69,60,79,romantic
462,너무 피곤하니 부드럽게 해줘,tired,256,61,89,58,tired
463,피곤하니 잔잔한 빛으로,tired,313,81,72,81,tired
464,활기차게 아침을 시작하고 싶어,energetic,99,37,91,76,energetic
465,즐거우니 불을 환하게,happy,168,47,49,22,happy
466,너무 피곤하니 부드럽게 해줘,tired,335,36,64,77,tired
467,편안하게 차분한 불빛으로,calm,332,87,59,59,calm
468,짜증나니까 빨갛게 바꿔,angry,316,98,82,38,angry
469,마음이 답답하고 우울해,sad,50,100,21,71,sad
470,오늘 기분이 너무 좋아 환하게 켜줘,happy,244,86,83,64,happy
471,낭만적인 분위기로 보라색 켜줘,romantic,276,38,31,49,romantic
472,화가 나서 강렬하게,angry,108,83,67,68,angry
473,오늘은 좀 슬퍼 차갑게,sad,247,43,76,90,sad
474,오늘은 좀 슬퍼 차갑게,sad,201,24,25,97,sad
475,오늘은 좀 슬퍼 차갑게,sad,280,84,41,36,sad
476,지쳐서 은은하게,tired,190,80,23,81,tired
477,따뜻한 느낌으로 편안하게,warm,154,24,56,89,warm
478,은은하고 따뜻하게,warm,37,98,29,100,warm
479,지쳐서 은은하게,tired,194,62,95,78,tired
480,즐거우니 불을 환하게,happy,319,50,66,32,happy
481,우울하니 파랗게,sad,148,35,30,92,sad
482,좀 차갑게 집중할 수 있게,focused,6,37,37,31,focused
483,편안하게 차분한 불빛으로,calm,320,68,30,77,calm
484,마음이 답답하고 우울해,sad,50,50,62,79,sad
485,지쳐서 은은하게,tired,357,46,96,72,tired
486,로맨틱하게 은은하게,romantic,360,66,31,39,romantic
487,너무 피곤하니 부드럽게 해줘,tired,39,26,54,69,tired
488,잠 와서 어둡게 해줘,sleepy,99,76,87,79,sleepy
489,너무 피곤하니 부드럽게 해줘,tired,54,84,49,79,tired
490,차갑고 선명한 빛으로,focused,152,80,78,51,focused
491,로맨틱하게 은은하게,romantic,66,32,58,23,romantic
492,마음이 답답하고 우울해,sad,355,81,93,83,sad
493,지쳐서 은은하게,tired,356,39,37,56,tired
494,좀 차갑게 집중할 수 있게,focused,156,89,40,52,focused
495,우울하니 파랗게,sad,250,55,38,82,sad
496,잠 와서 어둡게 해줘,sleepy,210,76,90,40,sleepy
497,화가 나서 강렬하게,angry,205,50,46,82,angry
498,피곤해 불 꺼줘,sleepy,106,81,49,92,sleepy
499,우울하니 파랗게,sad,161,33,77,66,sad
500,따뜻한 느낌으로 편안하게,warm,236,93,29,79,warm
501,짜증나니까 빨갛게 바꿔,angry,22,45,74,99,angry
502,분노가 치밀어 붉게,angry,44,53,40,78,angry
503,피곤하니 잔잔한 빛으로,tired,71,60,40,34,tired
504,로맨틱하게 은은하게,romantic,276,79,58,26,romantic
505,기분이 상쾌해 밝게 해줘,happy,47,76,67,92,happy
506,즐거우니 불을 환하게,happy,309,39,39,91,happy
507,우울하니 파랗게,sad,101,57,55,24,sad
508,분노가 치밀어 붉게,angry,144,35,66,57,angry
509,우울하니 파랗게,sad,274,89,62,78,sad
510,너무 졸려 불 조금만 줄여줘,sleepy,95,47,39,31,sleepy
511,오늘은 잔잔하고 조용하게,calm,245,53,91,31,calm
512,너무 졸려 불 조금만 줄여줘,sleepy,182,93,52,91,sleepy
513,오늘 기분이 너무 좋아 환하게 켜줘,happy,274,76,26,49,happy
514,오늘 기분이 너무 좋아 환하게 켜줘,happy,8,96,72,75,happy
515,고요하게 낮춰줘,calm,221,51,96,31,calm
516,포근하게 해줘,warm,331,54,77,87,warm
517,편안하게 차분한 불빛으로,calm,333,96,25,50,calm
518,즐거우니 불을 환하게,happy,217,34,76,79,happy
519,피곤해 불 꺼줘,sleepy,150,28,31,98,sleepy
520,분노가 치밀어 붉게,angry,266,56,83,41,angry
521,지쳐서 은은하게,tired,277,67,59,24,tired
522,낭만적인 분위기로 보라색 켜줘,romantic,231,82,97,36,romantic
523,우울하니 파랗게,sad,7,63,93,80,sad
524,힘차게 켜줘,energetic,36,70,70,94,energetic
525,지쳐서 은은하게,tired,147,29,51,99,tired
526,오늘 기분이 너무 좋아 환하게 켜줘,happy,333,76,60,86,happy
527,로맨틱하게 은은하게,romantic,253,75,72,98,romantic
528,오늘 기분이 너무 좋아 환하게 켜줘,happy,288,95,35,63,happy
529,오늘은 잔잔하고 조용하게,calm,335,69,81,20,calm
530,짜증나니까 빨갛게 바꿔,angry,180,100,42,58,angry
531,마음이 답답하고 우울해,sad,165,27,34,99,sad
532,화가 나서 강렬하게,angry,306,73,22,57,angry
533,즐거우니 불을 환하게,happy,51,26,20,68,happy
534,은은하고 따뜻하게,warm,233,63,22,80,warm
535,오늘은 잔잔하고 조용하게,calm,297,45,64,53,calm
536,오늘 기분이 너무 좋아 환하게 켜줘,happy,330,100,84,97,happy
537,은은하고 따뜻하게,warm,118,98,91,68,warm
538,짜증나니까 빨갛게 바꿔,angry,279,54,21,59,angry
539,에너지 넘치게 환하게,energetic,150,61,24,42,energetic
540,오늘은 좀 슬퍼 차갑게,sad,132,20,84,51,sad
541,피곤하니 잔잔한 빛으로,tired,79,46,60,57,tired
542,좀 차갑게 집중할 수 있게,focused,77,86,78,93,focused
543,우울하니 파랗게,sad,318,72,76,33,sad
544,은은하고 따뜻하게,warm,340,53,45,84,warm
545,우울하니 파랗게,sad,228,43,86,78,sad
546,분노가 치밀어 붉게,angry,51,52,56,74,angry
547,편안하게 차분한 불빛으로,calm,109,98,64,84,calm
548,오늘은 잔잔하고 조용하게,calm,20,20,26,58,calm
549,잠 와서 어둡게 해줘,sleepy,181,73,57,52,sleepy
550,힘차게 켜줘,energetic,11,61,20,48,energetic
551,편안하게 차분한 불빛으로,calm,230,73,65,99,calm
552,오늘은 좀 슬퍼 차갑게,sad,133,37,98,45,sad
553,피곤하니 잔잔한 빛으로,tired,179,70,95,44,tired
554,화가 나서 강렬하게,angry,94,56,58,84,angry
555,활기차게 아침을 시작하고 싶어,energetic,12,51,28,33,energetic
556,오늘은 좀 슬퍼 차갑게,sad,51,67,35,83,sad
557,은은하고 따뜻하게,warm,85,74,36,96,warm
558,너무 피곤하니 부드럽게 해줘,tired,14,96,58,47,tired
559,분노가 치밀어 붉게,angry,215,69,86,77,angry
560,활기차게 아침을 시작하고 싶어,energetic,8,48,83,71,energetic
561,짜증나니까 빨갛게 바꿔,angry,291,81,87,70,angry
562,피곤하니 잔잔한 빛으로,tired,253,81,30,88,tired
563,포근하게 해줘,warm,171,36,76,30,warm
564,에너지 넘치게 환하게,energetic,310,100,65,41,energetic
565,포근하게 해줘,warm,96,32,81,53,warm
566,분노가 치밀어 붉게,angry,347,80,71,21,angry
567,너무 피곤하니 부드럽게 해줘,tired,187,64,78,30,tired
568,화가 나서 강렬하게,angry,260,34,49,39,angry
569,오늘은 좀 슬퍼 차갑게,sad,58,39,58,70,sad
570,짜증나니까 빨갛게 바꿔,angry,323,79,41,56,angry
571,차갑고 선명한 빛으로,focused,236,93,95,57,focused
572,에너지 넘치게 환하게,energetic,214,64,67,30,energetic
573,좀 차갑게 집중할 수 있게,focused,309,95,52,52,focused
574,낭만적인 분위기로 보라색 켜줘,romantic,120,81,92,80,romantic
575,오늘 기분이 너무 좋아 환하게 켜줘,happy,323,62,99,21,happy
576,오늘은 좀 슬퍼 차갑게,sad,192,47,45,84,sad
577,즐거우니 불을 환하게,happy,16,54,59,76,happy
578,화가 나서 강렬하게,angry,13,79,87,42,angry
579,포근하게 해줘,warm,71,67,96,23,warm
580,좀 차갑게 집중할 수 있게,focused,191,35,78,88,focused
581,좀 차갑게 집중할 수 있게,focused,12,55,93,92,focused
582,잠 와서 어둡게 해줘,sleepy,110,88,40,80,sleepy
583,로맨틱하게 은은하게,romantic,72,30,58,23,romantic
584,화가 나서 강렬하게,angry,149,61,38,22,angry
585,너무 피곤하니 부드럽게 해줘,tired,19,89,92,98,tired
586,우울하니 파랗게,sad,24,47,58,46,sad
587,고요하게 낮춰줘,calm,151,40,90,58,calm
588,따뜻한 느낌으로 편안하게,warm,280,76,58,96,warm
589,분노가 치밀어 붉게,angry,251,49,93,45,angry
590,지쳐서 은은하게,tired,349,80,63,35,tired
591,마음이 답답하고 우울해,sad,151,79,32,72,sad
592,즐거우니 불을 환하게,happy,324,99,81,70,happy
593,마음이 답답하고 우울해,sad,76,42,26,84,sad
594,지쳐서 은은하게,tired,293,89,75,20,tired
595,고요하게 낮춰줘,calm,21,28,71,78,calm
596,로맨틱하게 은은하게,romantic,39,48,78,35,romantic
597,피곤해 불 꺼줘,sleepy,144,71,31,83,sleepy
598,편안하게 차분한 불빛으로,calm,26,92,82,66,calm
599,포근하게 해줘,warm,328,85,24,27,warm
600,오늘은 잔잔하고 조용하게,calm,183,64,33,29,calm
601,지쳐서 은은하게,tired,228,74,67,90,tired
602,오늘은 잔잔하고 조용하게,calm,75,60,29,59,calm
603,즐거우니 불을 환하게,happy,331,74,58,61,happy
604,우울하니 파랗게,sad,21,64,33,85,sad
605,마음이 답답하고 우울해,sad,214,69,60,70,sad
606,로맨틱하게 은은하게,romantic,326,84,72,20,romantic
607,편안하게 차분한 불빛으로,calm,175,58,46,96,calm
608,오늘은 좀 슬퍼 차갑게,sad,17,33,59,34,sad
609,고요하게 낮춰줘,calm,206,22,31,24,calm
610,편안하게 차분한 불빛으로,calm,44,59,94,91,calm
611,분노가 치밀어 붉게,angry,338,62,21,78,angry
612,우울하니 파랗게,sad,250,67,30,100,sad
613,지쳐서 은은하게,tired,203,62,96,45,tired
614,우울하니 파랗게,sad,229,52,31,34,sad
615,에너지 넘치게 환하게,energetic,346,54,97,28,energetic
616,차갑고 선명한 빛으로,focused,120,93,100,37,focused
617,힘차게 켜줘,energetic,95,28,56,53,energetic
618,피곤하니 잔잔한 빛으로,tired,220,78,93,49,tired
619,집중 모드로 선명하게,focused,129,24,45,58,focused
620,오늘은 잔잔하고 조용하게,calm,125,24,45,69,calm
621,오늘은 좀 슬퍼 차갑게,sad,6,79,64,32,sad
622,포근하게 해줘,warm,32,84,44,65,warm
623,로맨틱하게 은은하게,romantic,113,26,21,49,romantic
624,활기차게 아침을 시작하고 싶어,energetic,61,30,21,49,energetic
625,로맨틱하게 은은하게,romantic,154,57,44,71,romantic
626,즐거우니 불을 환하게,happy,50,74,45,29,happy
627,집중 모드로 선명하게,focused,240,76,43,98,focused
628,즐거우니 불을 환하게,happy,351,64,69,70,happy
629,분위기 있게 보라빛으로,romantic,332,95,41,61,romantic
630,편안하게 차분한 불빛으로,calm,229,93,52,62,calm
631,우울하니 파랗게,sad,188,37,34,54,sad
632,피곤해 불 꺼줘,sleepy,208,76,67,55,sleepy
633,분노가 치밀어 붉게,angry,140,65,45,48,angry
634,차갑고 선명한 빛으로,focused,27,91,31,78,focused
635,너무 피곤하니 부드럽게 해줘,tired,331,55,53,67,tired
636,집중 모드로 선명하게,focused,138,20,57,61,focused
637,분노가 치밀어 붉게,angry,295,72,94,51,angry
638,잠 와서 어둡게 해줘,sleepy,237,82,25,69,sleepy
639,따뜻한 느낌으로 편안하게,warm,276,48,82,41,warm
640,오늘은 좀 슬퍼 차갑게,sad,245,41,30,40,sad
641,지쳐서 은은하게,tired,35,61,65,93,tired
642,분위기 있게 보라빛으로,romantic,169,91,28,98,romantic
643,편안하게 차분한 불빛으로,calm,29,52,88,45,calm
644,로맨틱하게 은은하게,romantic,87,79,100,87,romantic
645,마음이 답답하고 우울해,sad,249,47,90,97,sad
646,오늘 기분이 너무 좋아 환하게 켜줘,happy,146,25,61,72,happy
647,마음이 답답하고 우울해,sad,44,87,98,80,sad
648,로맨틱하게 은은하게,romantic,123,35,85,43,romantic
649,따뜻한 느낌으로 편안하게,warm,155,85,69,83,warm
650,지쳐서 은은하게,tired,294,78,69,87,tired
651,즐거우니 불을 환하게,happy,153,58,24,98,happy
652,우울하니 파랗게,sad,279,92,38,41,sad
653,은은하고 따뜻하게,warm,222,32,35,69,warm
654,은은하고 따뜻하게,warm,142,21,25,63,warm
655,로맨틱하게 은은하게,romantic,217,65,20,95,romantic
656,지쳐서 은은하게,tired,271,57,29,93,tired
657,너무 졸려 불 조금만 줄여줘,sleepy,150,87,29,84,sleepy
658,피곤해 불 꺼줘,sleepy,253,22,48,57,sleepy
659,우울하니 파랗게,sad,138,27,88,92,sad
660,오늘 기분이 너무 좋아 환하게 켜줘,happy,145,46,55,76,happy
661,짜증나니까 빨갛게 바꿔,angry,212,78,61,21,angry
662,오늘은 잔잔하고 조용하게,calm,188,71,68,69,calm
663,차갑고 선명한 빛으로,focused,272,28,53,54,focused
664,낭만적인 분위기로 보라색 켜줘,romantic,282,26,89,86,romantic
665,너무 피곤하니 부드럽게 해줘,tired,303,43,60,33,tired
666,피곤해 불 꺼줘,sleepy,117,92,97,53,sleepy
667,고요하게 낮춰줘,calm,47,44,94,83,calm
668,피곤하니 잔잔한 빛으로,tired,309,67,84,37,tired
669,지쳐서 은은하게,tired,237,71,89,61,tired
670,오늘은 좀 슬퍼 차갑게,sad,343,28,63,96,sad
671,짜증나니까 빨갛게 바꿔,angry,113,60,93,29,angry
672,우울하니 파랗게,sad,212,47,29,74,sad
673,집중 모드로 선명하게,focused,49,21,69,75,focused
674,편안하게 차분한 불빛으로,calm,87,94,37,73,calm
675,낭만적인 분위기로 보라색 켜줘,romantic,296,81,59,59,romantic
676,오늘은 잔잔하고 조용하게,calm,235,47,84,58,calm
677,에너지 넘치게 환하게,energetic,209,75,72,97,energetic
678,활기차게 아침을 시작하고 싶어,energetic,66,80,85,60,energetic
679,고요하게 낮춰줘,calm,151,29,38,31,calm
680,편안하게 차분한 불빛으로,calm,60,70,35,100,calm
681,분위기 있게 보라빛으로,romantic,296,39,35,60,romantic
682,오늘은 좀 슬퍼 차갑게,sad,87,56,64,32,sad
683,기분이 상쾌해 밝게 해줘,happy,46,42,53,33,happy
684,고요하게 낮춰줘,calm,150,62,38,44,calm
685,우울하니 파랗게,sad,26,26,99,84,sad
686,활기차게 아침을 시작하고 싶어,energetic,100,36,90,71,energetic
687,잠 와서 어둡게 해줘,sleepy,41,59,29,33,sleepy
688,분노가 치밀어 붉게,angry,218,44,91,60,angry
689,마음이 답답하고 우울해,sad,77,54,23,40,sad
690,오늘은 좀 슬퍼 차갑게,sad,243,41,99,89,sad
691,차갑고 선명한 빛으로,focused,203,95,31,54,focused
692,낭만적인 분위기로 보라색 켜줘,romantic,224,88,88,46,romantic
693,즐거우니 불을 환하게,happy,257,91,46,69,happy
694,활기차게 아침을 시작하고 싶어,energetic,266,61,34,69,energetic
695,우울하니 파랗게,sad,320,28,60,40,sad
696,편안하게 차분한 불빛으로,calm,57,83,78,84,calm
697,피곤하니 잔잔한 빛으로,tired,343,84,82,51,tired
698,분위기 있게 보라빛으로,romantic,303,73,49,81,romantic
699,고요하게 낮춰줘,calm,7,40,40,23,calm
700,고요하게 낮춰줘,calm,71,82,61,62,calm
701,따뜻한 느낌으로 편안하게,warm,14,40,90,27,warm
702,편안하게 차분한 불빛으로,calm,36,83,77,36,calm
703,화가 나서 강렬하게,angry,300,95,68,88,angry
704,마음이 답답하고 우울해,sad,293,86,36,59,sad
705,힘차게 켜줘,energetic,332,60,29,81,energetic
706,활기차게 아침을 시작하고 싶어,energetic,199,76,56,94,energetic
707,짜증나니까 빨갛게 바꿔,angry,195,60,33,90,angry
708,너무 졸려 불 조금만 줄여줘,sleepy,271,75,99,86,sleepy
709,분위기 있게 보라빛으로,romantic,173,75,22,63,romantic
710,기분이 상쾌해 밝게 해줘,happy,98,20,23,83,happy
711,오늘 기분이 너무 좋아 환하게 켜줘,happy,90,100,73,45,happy
712,은은하고 따뜻하게,warm,9,57,94,40,warm
713,기분이 상쾌해 밝게 해줘,happy,108,96,69,48,happy
714,우울하니 파랗게,sad,106,95,62,83,sad
715,짜증나니까 빨갛게 바꿔,angry,76,33,94,42,angry
716,너무 피곤하니 부드럽게 해줘,tired,305,53,57,23,tired
717,피곤하니 잔잔한 빛으로,tired,119,84,58,70,tired
718,차갑고 선명한 빛으로,focused,157,32,83,89,focused
719,너무 졸려 불 조금만 줄여줘,sleepy,4,67,55,82,sleepy
720,은은하고 따뜻하게,warm,241,50,28,45,warm
721,지쳐서 은은하게,tired,150,94,39,94,tired
722,기분이 상쾌해 밝게 해줘,happy,354,94,86,42,happy
723,오늘 기분이 너무 좋아 환하게 켜줘,happy,192,62,64,88,happy
724,힘차게 켜줘,energetic,0,61,33,72,energetic
725,분노가 치밀어 붉게,angry,32,29,78,72,angry
726,오늘은 잔잔하고 조용하게,calm,40,27,96,82,calm
727,화가 나서 강렬하게,angry,222,97,84,55,angry
728,너무 졸려 불 조금만 줄여줘,sleepy,205,28,49,43,sleepy
729,피곤하니 잔잔한 빛으로,tired,172,87,91,62,tired
730,분위기 있게 보라빛으로,romantic,275,87,39,63,romantic
731,우울하니 파랗게,sad,322,99,43,39,sad
732,활기차게 아침을 시작하고 싶어,energetic,332,65,89,50,energetic
733,차갑고 선명한 빛으로,focused,347,71,33,63,focused
734,편안하게 차분한 불빛으로,calm,81,63,35,97,calm
735,너무 피곤하니 부드럽게 해줘,tired,157,63,70,39,tired
736,지쳐서 은은하게,tired,27,39,45,27,tired
737,짜증나니까 빨갛게 바꿔,angry,11,91,21,45,angry
738,피곤하니 잔잔한 빛으로,tired,291,33,96,81,tired
739,화가 나서 강렬하게,angry,334,42,83,70,angry
740,활기차게 아침을 시작하고 싶어,energetic,232,100,47,31,energetic
741,화가 나서 강렬하게,angry,95,62,49,38,angry
742,너무 졸려 불 조금만 줄여줘,sleepy,201,21,63,42,sleepy
743,분노가 치밀어 붉게,angry,8,28,57,72,angry
744,화가 나서 강렬하게,angry,23,74,56,54,angry
745,고요하게 낮춰줘,calm,185,22,90,44,calm
746,은은하고 따뜻하게,warm,58,82,89,99,warm
747,로맨틱하게 은은하게,romantic,171,63,71,65,romantic
748,기분이 상쾌해 밝게 해줘,happy,71,58,76,59,happy
749,우울하니 파랗게,sad,34,100,60,44,sad
750,피곤해 불 꺼줘,sleepy,144,65,73,52,sleepy
751,집중 모드로 선명하게,focused,298,85,84,77,focused
752,집중 모드로 선명하게,focused,277,31,39,22,focused
753,집중 모드로 선명하게,focused,146,81,91,95,focused
754,힘차게 켜줘,energetic,350,38,27,31,energetic
755,너무 졸려 불 조금만 줄여줘,sleepy,329,86,99,74,sleepy
756,차갑고 선명한 빛으로,focused,192,34,51,21,focused
757,따뜻한 느낌으로 편안하게,warm,360,53,39,64,warm
758,피곤해 불 꺼줘,sleepy,173,79,40,88,sleepy
759,오늘은 좀 슬퍼 차갑게,sad,326,88,96,52,sad
760,따뜻한 느낌으로 편안하게,warm,122,50,51,68,warm
761,따뜻한 느낌으로 편안하게,warm,356,30,96,63,warm
762,지쳐서 은은하게,tired,139,95,57,62,tired
763,오늘은 좀 슬퍼 차갑게,sad,260,87,70,75,sad
764,포근하게 해줘,warm,43,69,91,38,warm
765,너무 졸려 불 조금만 줄여줘,sleepy,13,33,68,41,sleepy
766,분위기 있게 보라빛으로,romantic,237,29,65,88,romantic
767,포근하게 해줘,warm,293,75,67,97,warm
768,활기차게 아침을 시작하고 싶어,energetic,99,42,74,92,energetic
769,너무 졸려 불 조금만 줄여줘,sleepy,287,35,31,52,sleepy
770,낭만적인 분위기로 보라색 켜줘,romantic,63,48,54,44,romantic
771,낭만적인 분위기로 보라색 켜줘,romantic,138,22,44,75,romantic
772,포근하게 해줘,warm,50,93,96,26,warm
773,너무 졸려 불 조금만 줄여줘,sleepy,353,94,55,40,sleepy
774,에너지 넘치게 환하게,energetic,269,52,42,77,energetic
775,힘차게 켜줘,energetic,9,62,22,29,energetic
776,지쳐서 은은하게,tired,241,27,80,64,tired
777,너무 졸려 불 조금만 줄여줘,sleepy,12,21,97,33,sleepy
778,분위기 있게 보라빛으로,romantic,299,42,21,27,romantic
779,편안하게 차분한 불빛으로,calm,37,65,56,68,calm
780,집중 모드로 선명하게,focused,347,40,97,88,focused
781,지쳐서 은은하게,tired,210,86,74,88,tired
782,피곤해 불 꺼줘,sleepy,181,51,27,50,sleepy
783,너무 피곤하니 부드럽게 해줘,tired,81,35,25,47,tired
784,우울하니 파랗게,sad,323,43,69,97,sad
785,짜증나니까 빨갛게 바꿔,angry,24,59,85,37,angry
786,잠 와서 어둡게 해줘,sleepy,235,28,97,79,sleepy
787,로맨틱하게 은은하게,romantic,263,58,23,32,romantic
788,은은하고 따뜻하게,warm,316,99,59,70,warm
789,너무 졸려 불 조금만 줄여줘,sleepy,63,93,49,68,sleepy
790,힘차게 켜줘,energetic,132,58,86,44,energetic
791,피곤하니 잔잔한 빛으로,tired,242,43,84,23,tired
792,분위기 있게 보라빛으로,romantic,90,53,60,22,romantic
793,오늘은 좀 슬퍼 차갑게,sad,285,59,20,92,sad
794,은은하고 따뜻하게,warm,86,29,80,79,warm
795,기분이 상쾌해 밝게 해줘,happy,43,38,53,31,happy
796,고요하게 낮춰줘,calm,8,97,42,60,calm
797,우울하니 파랗게,sad,142,49,24,21,sad
798,우울하니 파랗게,sad,323,27,57,79,sad
799,포근하게 해줘,warm,344,75,61,98,warm
800,차갑고 선명한 빛으로,focused,317,55,58,27,focused
801,오늘은 좀 슬퍼 차갑게,sad,128,38,65,55,sad
802,화가 나서 강렬하게,angry,231,50,32,20,angry
803,지쳐서 은은하게,tired,357,97,60,37,tired
804,활기차게 아침을 시작하고 싶어,energetic,175,66,56,79,energetic
805,분위기 있게 보라빛으로,romantic,172,41,58,58,romantic
806,낭만적인 분위기로 보라색 켜줘,romantic,87,48,45,99,romantic
807,우울하니 파랗게,sad,306,52,78,44,sad
808,차갑고 선명한 빛으로,focused,158,81,51,56,focused
809,오늘 기분이 너무 좋아 환하게 켜줘,happy,78,28,96,22,happy
810,편안하게 차분한 불빛으로,calm,88,37,44,32,calm
811,분위기 있게 보라빛으로,romantic,96,21,28,88,romantic
812,차갑고 선명한 빛으로,focused,151,43,77,71,focused
813,힘차게 켜줘,energetic,277,70,50,83,energetic
814,오늘 기분이 너무 좋아 환하게 켜줘,happy,339,77,35,77,happy
815,로맨틱하게 은은하게,romantic,63,30,31,83,romantic
816,오늘은 좀 슬퍼 차갑게,sad,359,95,83,76,sad
817,낭만적인 분위기로 보라색 켜줘,romantic,282,79,28,65,romantic
818,은은하고 따뜻하게,warm,99,40,88,43,warm
819,분위기 있게 보라빛으로,romantic,243,41,63,100,romantic
820,너무 졸려 불 조금만 줄여줘,sleepy,333,24,63,80,sleepy
821,짜증나니까 빨갛게 바꿔,angry,120,78,33,60,angry
822,따뜻한 느낌으로 편안하게,warm,229,98,98,91,warm
823,지쳐서 은은하게,tired,189,30,85,80,tired
824,로맨틱하게 은은하게,romantic,240,61,99,70,romantic
825,힘차게 켜줘,energetic,13,55,81,36,energetic
826,즐거우니 불을 환하게,happy,235,99,83,73,happy
827,낭만적인 분위기로 보라색 켜줘,romantic,6,94,73,42,romantic
828,집중 모드로 선명하게,focused,191,77,91,93,focused
829,피곤하니 잔잔한 빛으로,tired,171,95,33,66,tired
830,분위기 있게 보라빛으로,romantic,138,75,49,86,romantic
831,고요하게 낮춰줘,calm,152,64,55,21,calm
832,잠 와서 어둡게 해줘,sleepy,259,95,66,42,sleepy
833,우울하니 파랗게,sad,90,55,68,60,sad
834,마음이 답답하고 우울해,sad,83,71,53,82,sad
835,분노가 치밀어 붉게,angry,80,32,86,93,angry
836,좀 차갑게 집중할 수 있게,focused,240,25,100,87,focused
837,오늘은 잔잔하고 조용하게,calm,135,83,29,77,calm
838,포근하게 해줘,warm,269,55,54,20,warm
839,에너지 넘치게 환하게,energetic,307,41,70,86,energetic
840,피곤하니 잔잔한 빛으로,tired,251,32,37,78,tired
841,활기차게 아침을 시작하고 싶어,energetic,127,26,61,38,energetic
842,피곤해 불 꺼줘,sleepy,122,92,79,76,sleepy
843,피곤하니 잔잔한 빛으로,tired,343,47,43,75,tired
844,오늘은 좀 슬퍼 차갑게,sad,252,91,98,21,sad
845,기분이 상쾌해 밝게 해줘,happy,32,65,38,70,happy
846,분노가 치밀어 붉게,angry,131,38,80,87,angry
847,즐거우니 불을 환하게,happy,278,42,79,82,happy
848,포근하게 해줘,warm,353,91,25,98,warm
849,로맨틱하게 은은하게,romantic,350,42,69,43,romantic
850,피곤하니 잔잔한 빛으로,tired,63,22,29,44,tired
851,너무 졸려 불 조금만 줄여줘,sleepy,158,32,30,92,sleepy
852,짜증나니까 빨갛게 바꿔,angry,206,61,25,66,angry
853,낭만적인 분위기로 보라색 켜줘,romantic,200,77,62,45,romantic
854,지쳐서 은은하게,tired,193,96,38,94,tired
855,지쳐서 은은하게,tired,236,71,25,20,tired
856,우울하니 파랗게,sad,143,42,96,41,sad
857,고요하게 낮춰줘,calm,310,59,51,62,calm
858,활기차게 아침을 시작하고 싶어,energetic,11,70,98,20,energetic
859,활기차게 아침을 시작하고 싶어,energetic,140,88,86,38,energetic
860,따뜻한 느낌으로 편안하게,warm,195,79,57,97,warm
861,기분이 상쾌해 밝게 해줘,happy,225,63,31,60,happy
862,편안하게 차분한 불빛으로,calm,15,90,97,33,calm
863,에너지 넘치게 환하게,energetic,36,80,20,72,energetic
864,활기차게 아침을 시작하고 싶어,energetic,211,66,21,83,energetic
865,고요하게 낮춰줘,calm,129,71,91,51,calm
866,마음이 답답하고 우울해,sad,88,81,95,34,sad
867,로맨틱하게 은은하게,romantic,247,47,78,20,romantic
868,화가 나서 강렬하게,angry,144,35,57,27,angry
869,좀 차갑게 집중할 수 있게,focused,237,51,21,89,focused
870,분노가 치밀어 붉게,angry,33,23,71,91,angry
871,우울하니 파랗게,sad,15,90,49,60,sad
872,집중 모드로 선명하게,focused,37,87,45,58,focused
873,로맨틱하게 은은하게,romantic,5,61,75,92,romantic
874,잠 와서 어둡게 해줘,sleepy,294,31,84,80,sleepy
875,오늘은 좀 슬퍼 차갑게,sad,247,71,95,92,sad
876,오늘 기분이 너무 좋아 환하게 켜줘,happy,311,21,40,28,happy
877,차갑고 선명한 빛으로,focused,147,32,95,93,focused
878,고요하게 낮춰줘,calm,224,72,82,92,calm
879,에너지 넘치게 환하게,energetic,271,41,23,65,energetic
880,지쳐서 은은하게,tired,169,94,31,28,tired
881,짜증나니까 빨갛게 바꿔,angry,146,25,98,60,angry
882,낭만적인 분위기로 보라색 켜줘,romantic,343,100,34,29,romantic
883,포근하게 해줘,warm,203,47,76,95,warm
884,너무 피곤하니 부드럽게 해줘,tired,346,72,84,69,tired
885,오늘은 잔잔하고 조용하게,calm,163,74,56,29,calm
886,너무 피곤하니 부드럽게 해줘,tired,141,59,48,38,tired
887,기분이 상쾌해 밝게 해줘,happy,207,41,85,83,happy
888,지쳐서 은은하게,tired,118,54,31,73,tired
889,피곤해 불 꺼줘,sleepy,134,28,72,29,sleepy
890,화가 나서 강렬하게,angry,166,100,88,72,angry
891,즐거우니 불을 환하게,happy,249,92,80,90,happy
892,따뜻한 느낌으로 편안하게,warm,196,74,46,55,warm
893,힘차게 켜줘,energetic,319,44,62,34,energetic
894,화가 나서 강렬하게,angry,238,96,81,54,angry
895,분노가 치밀어 붉게,angry,255,48,29,58,angry
896,좀 차갑게 집중할 수 있게,focused,168,63,93,80,focused
897,짜증나니까 빨갛게 바꿔,angry,95,71,30,68,angry
898,따뜻한 느낌으로 편안하게,warm,234,100,27,38,warm
899,오늘 기분이 너무 좋아 환하게 켜줘,happy,183,40,81,89,happy
900,집중 모드로 선명하게,focused,251,20,28,77,focused
901,오늘 기분이 너무 좋아 환하게 켜줘,happy,77,78,78,58,happy
902,마음이 답답하고 우울해,sad,285,59,75,87,sad
903,지쳐서 은은하게,tired,150,87,75,62,tired
904,너무 졸려 불 조금만 줄여줘,sleepy,53,32,60,30,sleepy
905,집중 모드로 선명하게,focused,276,36,78,83,focused
906,오늘은 좀 슬퍼 차갑게,sad,146,62,60,90,sad
907,힘차게 켜줘,energetic,333,88,49,67,energetic
908,피곤하니 잔잔한 빛으로,tired,9,24,22,29,tired
909,낭만적인 분위기로 보라색 켜줘,romantic,2,85,67,78,romantic
910,낭만적인 분위기로 보라색 켜줘,romantic,141,88,63,23,romantic
911,로맨틱하게 은은하게,romantic,315,42,64,100,romantic
912,은은하고 따뜻하게,warm,293,36,43,84,warm
913,화가 나서 강렬하게,angry,232,28,93,81,angry
914,화가 나서 강렬하게,angry,245,21,82,35,angry
915,집중 모드로 선명하게,focused,110,74,97,55,focused
916,낭만적인 분위기로 보라색 켜줘,romantic,122,60,55,45,romantic
917,짜증나니까 빨갛게 바꿔,angry,207,75,69,56,angry
918,차갑고 선명한 빛으로,focused,312,64,85,89,focused
919,즐거우니 불을 환하게,happy,231,66,54,68,happy
920,포근하게 해줘,warm,222,82,97,23,warm
921,낭만적인 분위기로 보라색 켜줘,romantic,218,81,67,68,romantic
922,짜증나니까 빨갛게 바꿔,angry,220,46,56,96,angry
923,고요하게 낮춰줘,calm,349,33,33,24,calm
924,우울하니 파랗게,sad,214,64,89,94,sad
925,고요하게 낮춰줘,calm,107,52,100,42,calm
926,기분이 상쾌해 밝게 해줘,happy,221,54,72,76,happy
927,너무 피곤하니 부드럽게 해줘,tired,129,72,29,94,tired
928,피곤하니 잔잔한 빛으로,tired,279,93,24,92,tired
929,좀 차갑게 집중할 수 있게,focused,38,42,65,93,focused
930,로맨틱하게 은은하게,romantic,82,44,47,28,romantic
931,너무 피곤하니 부드럽게 해줘,tired,22,74,45,67,tired
932,잠 와서 어둡게 해줘,sleepy,309,81,50,59,sleepy
933,좀 차갑게 집중할 수 있게,focused,78,100,30,81,focused
934,고요하게 낮춰줘,calm,225,51,64,67,calm
935,고요하게 낮춰줘,calm,310,62,47,79,calm
936,에너지 넘치게 환하게,energetic,349,31,54,44,energetic
937,오늘 기분이 너무 좋아 환하게 켜줘,happy,84,47,93,80,happy
938,집중 모드로 선명하게,focused,111,62,89,68,focused
939,지쳐서 은은하게,tired,112,90,57,89,tired
940,포근하게 해줘,warm,41,89,21,26,warm
941,로맨틱하게 은은하게,romantic,306,59,34,62,romantic
942,피곤해 불 꺼줘,sleepy,300,41,53,38,sleepy
943,화가 나서 강렬하게,angry,281,85,87,60,angry
944,따뜻한 느낌으로 편안하게,warm,199,88,21,55,warm
945,고요하게 낮춰줘,calm,356,95,51,40,calm
946,차갑고 선명한 빛으로,focused,129,82,20,44,focused
947,차갑고 선명한 빛으로,focused,215,32,29,48,focused
948,피곤하니 잔잔한 빛으로,tired,148,88,48,28,tired
949,에너지 넘치게 환하게,energetic,248,65,71,68,energetic
950,좀 차갑게 집중할 수 있게,focused,158,45,53,59,focused
951,지쳐서 은은하게,tired,271,82,50,37,tired
952,오늘은 좀 슬퍼 차갑게,sad,322,37,55,28,sad
953,좀 차갑게 집중할 수 있게,focused,310,71,90,71,focused
954,에너지 넘치게 환하게,energetic,185,30,96,95,energetic
955,고요하게 낮춰줘,calm,344,38,69,53,calm
956,우울하니 파랗게,sad,354,57,51,31,sad
957,잠 와서 어둡게 해줘,sleepy,171,64,66,41,sleepy
958,너무 피곤하니 부드럽게 해줘,tired,82,90,28,27,tired
959,지쳐서 은은하게,tired,265,43,58,77,tired
960,너무 졸려 불 조금만 줄여줘,sleepy,346,99,100,78,sleepy
961,분노가 치밀어 붉게,angry,80,20,37,93,angry
962,고요하게 낮춰줘,calm,234,86,43,35,calm
963,포근하게 해줘,warm,305,33,82,75,warm
964,마음이 답답하고 우울해,sad,218,90,28,93,sad
965,포근하게 해줘,warm,347,21,61,82,warm
966,기분이 상쾌해 밝게 해줘,happy,274,50,25,42,happy
967,화가 나서 강렬하게,angry,250,34,81,54,angry
968,오늘 기분이 너무 좋아 환하게 켜줘,happy,128,41,69,44,happy
969,로맨틱하게 은은하게,romantic,160,26,96,97,romantic
970,고요하게 낮춰줘,calm,334,90,67,33,calm
971,피곤하니 잔잔한 빛으로,tired,83,63,35,59,tired
972,집중 모드로 선명하게,focused,192,89,97,36,focused
973,오늘은 좀 슬퍼 차갑게,sad,94,79,86,39,sad
974,집중 모드로 선명하게,focused,260,95,95,57,focused
975,우울하니 파랗게,sad,151,95,64,37,sad
976,낭만적인 분위기로 보라색 켜줘,romantic,99,61,47,72,romantic
977,오늘 기분이 너무 좋아 환하게 켜줘,happy,270,35,77,90,happy
978,지쳐서 은은하게,tired,119,44,70,21,tired
979,마음이 답답하고 우울해,sad,237,50,65,38,sad
980,오늘은 좀 슬퍼 차갑게,sad,164,68,56,87,sad
981,로맨틱하게 은은하게,romantic,218,93,37,52,romantic
982,우울하니 파랗게,sad,138,35,41,58,sad
983,우울하니 파랗게,sad,308,48,40,69,sad
984,기분이 상쾌해 밝게 해줘,happy,260,21,60,48,happy
985,따뜻한 느낌으로 편안하게,warm,305,98,82,41,warm
986,화가 나서 강렬하게,angry,276,28,51,76,angry
987,피곤하니 잔잔한 빛으로,tired,168,43,35,91,tired
988,활기차게 아침을 시작하고 싶어,energetic,324,29,60,58,energetic
989,좀 차갑게 집중할 수 있게,focused,97,88,42,27,focused
990,너무 졸려 불 조금만 줄여줘,sleepy,126,31,36,70,sleepy
991,좀 차갑게 집중할 수 있게,focused,195,31,38,31,focused
992,즐거우니 불을 환하게,happy,16,81,55,65,happy
993,오늘 기분이 너무 좋아 환하게 켜줘,happy,194,58,28,68,happy
994,활기차게 아침을 시작하고 싶어,energetic,159,97,97,36,energetic
995,로맨틱하게 은은하게,romantic,169,65,59,29,romantic
996,분위기 있게 보라빛으로,romantic,217,76,59,92,romantic
997,낭만적인 분위기로 보라색 켜줘,romantic,63,47,44,82,romantic
998,잠 와서 어둡게 해줘,sleepy,236,32,84,40,sleepy
999,분위기 있게 보라빛으로,romantic,81,23,39,82,romantic
1000,고요하게 낮춰줘,calm,231,78,83,85,calm
